run,formulation,display_name,fold,epoch,supervised,weighted_contrast,weighted_noise,weighted_repulsion,total
losses_20260927T094851.473213Z,bce_contrast_noise,bce_contrast_noise,1,1,0.5809213497976619,0.6624123299215722,0.0029884546328553478,0.0,1.2463221446735653
losses_20260927T094851.473213Z,bce_contrast_noise,bce_contrast_noise,1,2,0.3051066767043016,0.6434849284765288,0.02716614264906861,0.0,0.9757577514085244
losses_20260927T094851.473213Z,bce_contrast_noise,bce_contrast_noise,1,3,0.1608421743854763,0.6174798227670625,0.05158031542646134,0.0,0.8299023124176687
losses_20260927T094851.473213Z,bce_contrast_noise,bce_contrast_noise,1,4,0.11297353624006895,0.602408925848683,0.052739102899382904,0.0,0.7681215635434849
losses_20260927T094851.473213Z,bce_contrast_noise,bce_contrast_noise,1,5,0.10512916086696264,0.6018053950287225,0.06288868279790315,0.0,0.7698232362589498
losses_20260927T094851.473213Z,bce_contrast_noise,bce_contrast_noise,1,6,0.07384709651603943,0.5934645725986151,0.05725180501426299,0.0,0.7245634742609159
losses_20260927T094851.473213Z,bce_contrast_noise,bce_contrast_noise,1,7,0.0680908824456489,0.590948685886353,0.06820620449743872,0.0,0.727245776202735
losses_20260927T094851.473213Z,bce_contrast_noise,bce_contrast_noise,1,8,0.059313051439235064,0.5877639862496084,0.06283349375145172,0.0,0.7099105274583412
losses_20260927T094851.473213Z,bce_contrast_noise,bce_contrast_noise,1,9,0.05371013002866131,0.584387502332372,0.06230698867634995,0.0,0.7004046214847114
losses_20260927T094851.473213Z,bce_contrast_noise,bce_contrast_noise,1,10,0.046011090828619136,0.5843796129301777,0.06096403225963041,0.0,0.6913547346911092
losses_20260927T094851.473213Z,bce_contrast_noise,bce_contrast_noise,1,11,0.05593293297331868,0.5883981477557205,0.06847970970854984,0.0,0.7128107937302176
losses_20260927T094851.473213Z,bce_contrast_noise,bce_contrast_noise,1,12,0.045235734902263625,0.5819790691841306,0.06709854315057046,0.0,0.6943133496862697
losses_20260927T094851.473213Z,bce_contrast_noise,bce_contrast_noise,1,13,0.03449357830457331,0.5781647961909376,0.062442276098831434,0.0,0.6751006541289682
losses_20260927T094851.473213Z,bce_contrast_noise,bce_contrast_noise,1,14,0.02563495722078667,0.5748613270248953,0.0619560649222511,0.0,0.6624523513899074
losses_20260927T094851.473213Z,bce_contrast_noise,bce_contrast_noise,1,15,0.04444264118214996,0.5837108647729469,0.06450289580237678,0.0,0.6926564020434702
losses_20260927T094851.473213Z,bce_contrast_noise,bce_contrast_noise,1,16,0.039485865906907586,0.5813827678913207,0.05699622474874803,0.0,0.6778648561380041
losses_20260927T094851.473213Z,bce_contrast_noise,bce_contrast_noise,1,17,0.03730806074376533,0.5787916568320567,0.05955351446205237,0.0,0.6756532295482365
losses_20260927T094851.473213Z,bce_contrast_noise,bce_contrast_noise,1,18,0.03191569772746971,0.5734511815656828,0.058209774546383874,0.0,0.6635766540925334
losses_20260927T094851.473213Z,bce_contrast_noise,bce_contrast_noise,1,19,0.022645124003261796,0.569106224718995,0.05742039334938282,0.0,0.6491717391126738
losses_20260927T094851.473213Z,bce_contrast_noise,bce_contrast_noise,1,20,0.03856614484327046,0.5778599010677788,0.058472082018852234,0.0,0.6748981274019076
losses_20260927T094851.473213Z,bce_contrast_noise,bce_contrast_noise,1,21,0.034236003300101736,0.5768288050110885,0.056575822695268424,0.0,0.6676406325317743
losses_20260927T094851.473213Z,bce_contrast_noise,bce_contrast_noise,1,22,0.030597877505374706,0.5771696609774912,0.05415347507443485,0.0,0.6619210130586399
losses_20260927T094851.473213Z,bce_contrast_noise,bce_contrast_noise,1,23,0.035412845942448444,0.5769527610831373,0.05520308187862081,0.0,0.6675686878482188
losses_20260927T094851.473213Z,bce_contrast_noise,bce_contrast_noise,1,24,0.020561739349532433,0.5706810294173834,0.04935474208314118,0.0,0.6405975058322816
losses_20260927T094851.473213Z,bce_contrast_noise,bce_contrast_noise,1,25,0.03497089684838209,0.5715467183608708,0.05389251378108197,0.0,0.6604101291791661
losses_20260927T094851.473213Z,bce_contrast_noise,bce_contrast_noise,1,26,0.025699338576881083,0.5746588580251679,0.04955617798213649,0.0,0.6499143712163911
losses_20260927T094851.473213Z,bce_contrast_noise,bce_contrast_noise,1,27,0.032148026380922616,0.5734231504868335,0.057324091119207735,0.0,0.6628952692812822
losses_20260927T094851.473213Z,bce_contrast_noise,bce_contrast_noise,1,28,0.02316314438504614,0.5727277468508623,0.04758855550894587,0.0,0.6434794443798816
losses_20260927T094851.473213Z,bce_contrast_noise,bce_contrast_noise,1,29,0.036800640781857366,0.5763172098970789,0.0476537913700023,0.0,0.660771640736287
losses_20260927T094851.473213Z,bce_contrast_noise,bce_contrast_noise,1,30,0.023857403506238863,0.5717629175486527,0.04467614905498042,0.0,0.6402964676459004
losses_20260927T094851.473213Z,bce_contrast_noise,bce_contrast_noise,1,31,0.020418759486748008,0.5705393111611915,0.04172857508693976,0.0,0.6326866459658765
losses_20260927T094851.473213Z,bce_contrast_noise,bce_contrast_noise,1,32,0.025479064808835782,0.5692890751080251,0.045370802033956596,0.0,0.6401389424256453
losses_20260927T094851.473213Z,bce_contrast_noise,bce_contrast_noise,1,33,0.020989266112373454,0.5703357505047415,0.042784493849209446,0.0,0.6341095125581336
losses_20260927T094851.473213Z,bce_contrast_noise,bce_contrast_noise,1,34,0.027437020573530375,0.573864694186083,0.04857976085645711,0.0,0.6498814788390332
losses_20260927T094851.473213Z,bce_contrast_noise,bce_contrast_noise,1,35,0.021302504195487054,0.5694966039319677,0.042820623731167295,0.0,0.6336197271121768
losses_20260927T094851.473213Z,bce_contrast_noise,bce_contrast_noise,1,36,0.022261740623305985,0.5694508932706878,0.044586193571820504,0.0,0.636298826829655
losses_20260927T094851.473213Z,bce_contrast_noise,bce_contrast_noise,1,37,0.018437058888522425,0.5674184044515054,0.042590611650953146,0.0,0.6284460767986267
losses_20260927T094851.473213Z,bce_contrast_noise,bce_contrast_noise,1,38,0.014737258830261746,0.5654665283330782,0.03579811383713418,0.0,0.6160019011948052
losses_20260927T094851.473213Z,bce_contrast_noise,bce_contrast_noise,1,39,0.019914698638535275,0.56928673339641,0.04079366514209922,0.0,0.6299950959175591
losses_20260927T094851.473213Z,bce_contrast_noise,bce_contrast_noise,1,40,0.0284465792438558,0.5720400289287717,0.050995543089467944,0.0,0.651482147025311
losses_20260927T094851.473213Z,bce_contrast_noise,bce_contrast_noise,2,1,0.579276941658005,0.6580478633482625,0.003489039643868386,0.0,1.2408138457245714
losses_20260927T094851.473213Z,bce_contrast_noise,bce_contrast_noise,2,2,0.2488506894529335,0.6198888613483099,0.031151722749973847,0.0,0.8998912741818766
losses_20260927T094851.473213Z,bce_contrast_noise,bce_contrast_noise,2,3,0.1302303544531657,0.6096641782700546,0.04929288874167626,0.0,0.7891874186635957
losses_20260927T094851.473213Z,bce_contrast_noise,bce_contrast_noise,2,4,0.10351921990513802,0.6007126025327547,0.05283157872109432,0.0,0.7570634005576606
losses_20260927T094851.473213Z,bce_contrast_noise,bce_contrast_noise,2,5,0.08591826453687638,0.5988428536362536,0.0550707980521082,0.0,0.7398319188065416
losses_20260927T094851.473213Z,bce_contrast_noise,bce_contrast_noise,2,6,0.06596696350400842,0.5875510639093053,0.05621884609242593,0.0,0.7097368751923869
losses_20260927T094851.473213Z,bce_contrast_noise,bce_contrast_noise,2,7,0.05259207553252226,0.5856710695844936,0.05338048471475211,0.0,0.6916436266711378
losses_20260927T094851.473213Z,bce_contrast_noise,bce_contrast_noise,2,8,0.059817753754204187,0.5889122551820409,0.0537173102250484,0.0,0.7024473224099227
losses_20260927T094851.473213Z,bce_contrast_noise,bce_contrast_noise,2,9,0.04859572958465167,0.5865926775406665,0.05395450109366592,0.0,0.6891429081676513
losses_20260927T094851.473213Z,bce_contrast_noise,bce_contrast_noise,2,10,0.039237199893851916,0.5785164227635842,0.05438086600959536,0.0,0.6721344895250215
losses_20260927T094851.473213Z,bce_contrast_noise,bce_contrast_noise,2,11,0.042373782324450694,0.5799284591449527,0.056332279026039,0.0,0.6786345224680863
losses_20260927T094851.473213Z,bce_contrast_noise,bce_contrast_noise,2,12,0.05696822701051362,0.5880615049459803,0.05106428972496761,0.0,0.6960940220224576
losses_20260927T094851.473213Z,bce_contrast_noise,bce_contrast_noise,2,13,0.03483337543054125,0.5769022886208662,0.05389611832210867,0.0,0.6656317814128605
losses_20260927T094851.473213Z,bce_contrast_noise,bce_contrast_noise,2,14,0.02900681301115418,0.5734593887028732,0.05199355459002059,0.0,0.6544597594756779
losses_20260927T094851.473213Z,bce_contrast_noise,bce_contrast_noise,2,15,0.04333567010664095,0.5800664514068543,0.0482614257438915,0.0,0.6716635494720279
losses_20260927T094851.473213Z,bce_contrast_noise,bce_contrast_noise,2,16,0.035407557108212175,0.5771904132497592,0.04855101067924828,0.0,0.6611489817852111
losses_20260927T094851.473213Z,bce_contrast_noise,bce_contrast_noise,2,17,0.025107002875760315,0.5739256030931248,0.05033594167490644,0.0,0.649368548956443
losses_20260927T094851.473213Z,bce_contrast_noise,bce_contrast_noise,2,18,0.02418861886134415,0.57137763641012,0.04822048742881441,0.0,0.6437867429312758
losses_20260927T094851.473213Z,bce_contrast_noise,bce_contrast_noise,2,19,0.03450579102349093,0.5793426787759376,0.05377088097752783,0.0,0.6676193517962778
losses_20260927T094851.473213Z,bce_contrast_noise,bce_contrast_noise,2,20,0.023408852678936297,0.571564071291075,0.04096308607226751,0.0,0.6359360119489235
losses_20260927T094851.473213Z,bce_contrast_noise,bce_contrast_noise,2,21,0.024157405060928637,0.5744899844560097,0.04422659824022979,0.0,0.6428739860301881
losses_20260927T094851.473213Z,bce_contrast_noise,bce_contrast_noise,2,22,0.018106406633412158,0.5698852290318707,0.04270755800264558,0.0,0.6306991905677976
losses_20260927T094851.473213Z,bce_contrast_noise,bce_contrast_noise,2,23,0.03002565330825746,0.574424381331196,0.047902852670824905,0.0,0.6523528882837671
losses_20260927T094851.473213Z,bce_contrast_noise,bce_contrast_noise,2,24,0.02099980232965817,0.572764340817459,0.04661514603452185,0.0,0.6403792922891031
losses_20260927T094851.473213Z,bce_contrast_noise,bce_contrast_noise,2,25,0.020122157978113946,0.5748368736327164,0.04390758424300671,0.0,0.6388666169849906
losses_20260927T094851.473213Z,bce_contrast_noise,bce_contrast_noise,2,26,0.01677145831851567,0.5713466152431458,0.04044533324405903,0.0,0.6285634078378752
losses_20260927T094851.473213Z,bce_contrast_noise,bce_contrast_noise,2,27,0.03662069393211873,0.5846434718980564,0.04433826877786888,0.0,0.6656024343385472
losses_20260927T094851.473213Z,bce_contrast_noise,bce_contrast_noise,2,28,0.016476846883058782,0.5701034838759055,0.040649249262403785,0.0,0.6272295816676823
losses_20260927T094851.473213Z,bce_contrast_noise,bce_contrast_noise,2,29,0.017470165366658897,0.5710272052156644,0.040854234512396684,0.0,0.6293516074578593
losses_20260927T094851.473213Z,bce_contrast_noise,bce_contrast_noise,2,30,0.045928141467023904,0.5799520485044465,0.04981648681435998,0.0,0.6756966714783916
losses_20260927T094851.473213Z,bce_contrast_noise,bce_contrast_noise,2,31,0.020692582256857335,0.5714541565714859,0.040259758611833014,0.0,0.6324064938102182
losses_20260927T094851.473213Z,bce_contrast_noise,bce_contrast_noise,2,32,0.0178790103064806,0.57243970294637,0.041620243128066454,0.0,0.6319389563845837
losses_20260927T094851.473213Z,bce_contrast_noise,bce_contrast_noise,2,33,0.016267056006747556,0.5683067009204955,0.039517371313954434,0.0,0.6240911253793971
losses_20260927T094851.473213Z,bce_contrast_noise,bce_contrast_noise,2,34,0.02105023674886879,0.5661265838333941,0.038522154705114955,0.0,0.6256989770986903
losses_20260927T094851.473213Z,bce_contrast_noise,bce_contrast_noise,2,35,0.012676116977414982,0.5670837304723544,0.03482460666183881,0.0,0.6145844525239599
losses_20260927T094851.473213Z,bce_contrast_noise,bce_contrast_noise,2,36,0.012727543629163245,0.5684368849739315,0.0364056097519562,0.0,0.6175700393248731
losses_20260927T094851.473213Z,bce_contrast_noise,bce_contrast_noise,2,37,0.014668044002587342,0.5662716777305904,0.04085226449565449,0.0,0.6217919846219341
losses_20260927T094851.473213Z,bce_contrast_noise,bce_contrast_noise,2,38,0.02651016967459105,0.5704024368383753,0.03273937580960355,0.0,0.6296519801372619
losses_20260927T094851.473213Z,bce_contrast_noise,bce_contrast_noise,2,39,0.03237086337785728,0.5745610688615033,0.040747311325582465,0.0,0.6476792444394329
losses_20260927T094851.473213Z,bce_contrast_noise,bce_contrast_noise,2,40,0.01732475141899323,0.569195345630796,0.03630950599615499,0.0,0.6228296062139076
losses_20260927T094851.473213Z,bce_contrast_noise,bce_contrast_noise,3,1,0.581397553605418,0.6730594553293721,0.004155129614622227,0.0,1.258612135244954
losses_20260927T094851.473213Z,bce_contrast_noise,bce_contrast_noise,3,2,0.3024402468675567,0.6466598928936066,0.02829776186075422,0.0,0.9773978999545497
losses_20260927T094851.473213Z,bce_contrast_noise,bce_contrast_noise,3,3,0.18087529793622031,0.6256787142445964,0.04883038945826552,0.0,0.8553844031787687
losses_20260927T094851.473213Z,bce_contrast_noise,bce_contrast_noise,3,4,0.12318712151459148,0.6068394357158292,0.053458104751283125,0.0,0.7834846584066268
losses_20260927T094851.473213Z,bce_contrast_noise,bce_contrast_noise,3,5,0.10656165475806882,0.6042891707151167,0.06007982560643746,0.0,0.7709306516954976
losses_20260927T094851.473213Z,bce_contrast_noise,bce_contrast_noise,3,6,0.09941048962214301,0.6036508006434287,0.05626239190478959,0.0,0.7593236834772171
losses_20260927T094851.473213Z,bce_contrast_noise,bce_contrast_noise,3,7,0.08159708146065954,0.5975846787614207,0.05914885798589357,0.0,0.7383306180277178
losses_20260927T094851.473213Z,bce_contrast_noise,bce_contrast_noise,3,8,0.07744475018473403,0.597160856569967,0.057514373768842025,0.0,0.7321199798776258
losses_20260927T094851.473213Z,bce_contrast_noise,bce_contrast_noise,3,9,0.07604965809432249,0.5964792087193458,0.0608979883123069,0.0,0.7334268520916661
losses_20260927T094851.473213Z,bce_contrast_noise,bce_contrast_noise,3,10,0.06650712799971863,0.5897740827452752,0.060336558163286216,0.0,0.7166177659265457
losses_20260927T094851.473213Z,bce_contrast_noise,bce_contrast_noise,3,11,0.06231545109391933,0.5900368368433367,0.06026032628611692,0.0,0.7126126140356064
losses_20260927T094851.473213Z,bce_contrast_noise,bce_contrast_noise,3,12,0.059946449330797597,0.5899605674128379,0.057457729182656736,0.0,0.7073647466398054
losses_20260927T094851.473213Z,bce_contrast_noise,bce_contrast_noise,3,13,0.04061365178636005,0.5772389596508395,0.05504844106373287,0.0,0.6729010559858815
losses_20260927T094851.473213Z,bce_contrast_noise,bce_contrast_noise,3,14,0.042011211581167676,0.5854788759062367,0.056629159457741246,0.0,0.6841192466597403
losses_20260927T094851.473213Z,bce_contrast_noise,bce_contrast_noise,3,15,0.04147662860040943,0.5783988203733198,0.052917913428597876,0.0,0.6727933638518856
losses_20260927T094851.473213Z,bce_contrast_noise,bce_contrast_noise,3,16,0.039289100125672355,0.5784797187774412,0.054375667815967914,0.0,0.6721444894229213
losses_20260927T094851.473213Z,bce_contrast_noise,bce_contrast_noise,3,17,0.03963423912758909,0.5771657031389975,0.053867960649151954,0.0,0.6706679064419961
losses_20260927T094851.473213Z,bce_contrast_noise,bce_contrast_noise,3,18,0.03579026776095552,0.5780790284756692,0.05073084227830892,0.0,0.664600137741335
losses_20260927T094851.473213Z,bce_contrast_noise,bce_contrast_noise,3,19,0.024472211160877298,0.5694600521556793,0.04334017039547043,0.0,0.6372724358112581
losses_20260927T094851.473213Z,bce_contrast_noise,bce_contrast_noise,3,20,0.0478385397188005,0.5807475534177595,0.04915552007995786,0.0,0.6777416126381967
losses_20260927T094851.473213Z,bce_contrast_noise,bce_contrast_noise,3,21,0.027487147982502656,0.5731682950450528,0.047752994773609024,0.0,0.648408438890211
losses_20260927T094851.473213Z,bce_contrast_noise,bce_contrast_noise,3,22,0.021568441883690895,0.5673485359837932,0.042120645829145945,0.0,0.6310376226902008
losses_20260927T094851.473213Z,bce_contrast_noise,bce_contrast_noise,3,23,0.027034701355132123,0.5710824213681682,0.04392216998272606,0.0,0.6420392918009912
losses_20260927T094851.473213Z,bce_contrast_noise,bce_contrast_noise,3,24,0.02597175992935175,0.5693269689236918,0.04807039867756107,0.0,0.6433691291078445
losses_20260927T094851.473213Z,bce_contrast_noise,bce_contrast_noise,3,25,0.032806117771073215,0.5759899532121997,0.04644292967409016,0.0,0.6552390028392115
losses_20260927T094851.473213Z,bce_contrast_noise,bce_contrast_noise,3,26,0.027031863720396593,0.5707892693819538,0.04344080867726476,0.0,0.6412619438863569
losses_20260927T094851.473213Z,bce_contrast_noise,bce_contrast_noise,3,27,0.05020340535068704,0.5810616876809828,0.04520949322520004,0.0,0.6764745880519191
losses_20260927T094851.473213Z,bce_contrast_noise,bce_contrast_noise,3,28,0.031808831218269565,0.5741064793640568,0.042459973903943696,0.0,0.6483752838065547
losses_20260927T094851.473213Z,bce_contrast_noise,bce_contrast_noise,3,29,0.019803606046949543,0.5688690773902401,0.03776255280770842,0.0,0.6264352332199773
losses_20260927T094851.473213Z,bce_contrast_noise,bce_contrast_noise,3,30,0.02541681714055519,0.5697344863607038,0.03996609986549424,0.0,0.6351174005577641
losses_20260927T094851.473213Z,bce_contrast_noise,bce_contrast_noise,3,31,0.04016497591885949,0.5830811108312299,0.05093977959345906,0.0,0.6741858667904331
losses_20260927T094851.473213Z,bce_contrast_noise,bce_contrast_noise,3,32,0.023079660416941247,0.5702810013486493,0.03775150487349639,0.0,0.6311121688735101
losses_20260927T094851.473213Z,bce_contrast_noise,bce_contrast_noise,3,33,0.01936526104597555,0.5629303676466788,0.03598860874696965,0.0,0.6182842384422979
losses_20260927T094851.473213Z,bce_contrast_noise,bce_contrast_noise,3,34,0.017700266178449494,0.5673735377288633,0.033788628692197946,0.0,0.6188624361830373
losses_20260927T094851.473213Z,bce_contrast_noise,bce_contrast_noise,3,35,0.01911055974684836,0.5651381991563305,0.03301302213672428,0.0,0.6172617774817252
losses_20260927T094851.473213Z,bce_contrast_noise,bce_contrast_noise,3,36,0.017332704589446826,0.563245105887613,0.028397771561773675,0.0,0.6089755815844382
losses_20260927T094851.473213Z,bce_contrast_noise,bce_contrast_noise,3,37,0.015588151792349715,0.5679304758387227,0.027404625393119792,0.0,0.6109232537208065
losses_20260927T094851.473213Z,bce_contrast_noise,bce_contrast_noise,3,38,0.018158293013731317,0.5630496302920003,0.03160925883228981,0.0,0.6128171807335269
losses_20260927T094851.473213Z,bce_contrast_noise,bce_contrast_noise,3,39,0.01873537379076644,0.5683280907330974,0.029058988247397204,0.0,0.6161224520014178
losses_20260927T094851.473213Z,bce_contrast_noise,bce_contrast_noise,3,40,0.05573553751380513,0.5831057222620133,0.048681593515099056,0.0,0.6875228559778582
losses_20260927T094851.473213Z,bce_noise,bce_noise,1,1,0.5306837809836771,0.0,0.008955372276539593,0.0,0.5396391542877738
losses_20260927T094851.473213Z,bce_noise,bce_noise,1,2,0.2702509096757634,0.0,0.0443468382215406,0.0,0.314597747574641
losses_20260927T094851.473213Z,bce_noise,bce_noise,1,3,0.16418779447792084,0.0,0.04934531085075825,0.0,0.21353310563667552
losses_20260927T094851.473213Z,bce_noise,bce_noise,1,4,0.12432990054504608,0.0,0.045290955745681066,0.0,0.16962085617339517
losses_20260927T094851.473213Z,bce_noise,bce_noise,1,5,0.10543483112916702,0.0,0.04917302087506675,0.0,0.1546078522022315
losses_20260927T094851.473213Z,bce_noise,bce_noise,1,6,0.08065007584477503,0.0,0.04489226170676196,0.0,0.12554233747087126
losses_20260927T094851.473213Z,bce_noise,bce_noise,1,7,0.07592835345518166,0.0,0.05033921318378035,0.0,0.1262675664262978
losses_20260927T094851.473213Z,bce_noise,bce_noise,1,8,0.05869331745812156,0.0,0.04674970846271186,0.0,0.10544302541850589
losses_20260927T094851.473213Z,bce_noise,bce_noise,1,9,0.05002288337371598,0.0,0.04641966024545703,0.0,0.09644254387950334
losses_20260927T094851.473213Z,bce_noise,bce_noise,1,10,0.05461244682202072,0.0,0.04206506547877404,0.0,0.09667751231179463
losses_20260927T094851.473213Z,bce_noise,bce_noise,1,11,0.06538031670250233,0.0,0.04682920929264483,0.0,0.11220952604464658
losses_20260927T094851.473213Z,bce_noise,bce_noise,1,12,0.05130626200184989,0.0,0.0418444014609036,0.0,0.09315066366625113
losses_20260927T094851.473213Z,bce_noise,bce_noise,1,13,0.05320570903910896,0.0,0.04189084836567833,0.0,0.09509655733512143
losses_20260927T094851.473213Z,bce_noise,bce_noise,1,14,0.03638181702314517,0.0,0.044544695392544346,0.0,0.08092651236069015
losses_20260927T094851.473213Z,bce_noise,bce_noise,1,15,0.04089001576071532,0.0,0.039554790544184294,0.0,0.08044480610873521
losses_20260927T094851.473213Z,bce_noise,bce_noise,1,16,0.04108755342757667,0.0,0.03601770131944085,0.0,0.07710525493218204
losses_20260927T094851.473213Z,bce_noise,bce_noise,1,17,0.04451264108083849,0.0,0.03730803176276679,0.0,0.08182067252460896
losses_20260927T094851.473213Z,bce_noise,bce_noise,1,18,0.029336938864595485,0.0,0.03745376990785397,0.0,0.06679070872936661
losses_20260927T094851.473213Z,bce_noise,bce_noise,1,19,0.03358882978213878,0.0,0.041790659653066886,0.0,0.07537948967170292
losses_20260927T094851.473213Z,bce_noise,bce_noise,1,20,0.03502361677810696,0.0,0.037298892466094725,0.0,0.07232250914886945
losses_20260927T094851.473213Z,bce_noise,bce_noise,1,21,0.037739673297115285,0.0,0.03667315683056285,0.0,0.0744128301189699
losses_20260927T094851.473213Z,bce_noise,bce_noise,1,22,0.03390487294009791,0.0,0.03655202784318858,0.0,0.07045690084286914
losses_20260927T094851.473213Z,bce_noise,bce_noise,1,23,0.038422705416336626,0.0,0.034434851477157295,0.0,0.07285755673995403
losses_20260927T094851.473213Z,bce_noise,bce_noise,1,24,0.0290830744325924,0.0,0.03291712382415999,0.0,0.06200019835575125
losses_20260927T094851.473213Z,bce_noise,bce_noise,1,25,0.04333048899553525,0.0,0.033092635260220236,0.0,0.07642312421221432
losses_20260927T094851.473213Z,bce_noise,bce_noise,1,26,0.02736005927967714,0.0,0.03167365442853289,0.0,0.05903371372150155
losses_20260927T094851.473213Z,bce_noise,bce_noise,1,27,0.02412762460766331,0.0,0.030953001054040502,0.0,0.05508062571624485
losses_20260927T094851.473213Z,bce_noise,bce_noise,1,28,0.047134195175296885,0.0,0.0331217148561236,0.0,0.08025591052687309
losses_20260927T094851.473213Z,bce_noise,bce_noise,1,29,0.02975845575932135,0.0,0.030873819296046594,0.0,0.060632274977452175
losses_20260927T094851.473213Z,bce_noise,bce_noise,1,30,0.025517640355332778,0.0,0.032741264269621234,0.0,0.05825890469416155
losses_20260927T094851.473213Z,bce_noise,bce_noise,1,31,0.016655356035655818,0.0,0.02626914843457648,0.0,0.042924504375129235
losses_20260927T094851.473213Z,bce_noise,bce_noise,1,32,0.01443499099295018,0.0,0.028122998632428304,0.0,0.04255798958263939
losses_20260927T094851.473213Z,bce_noise,bce_noise,1,33,0.023231313387083265,0.0,0.030329546546031847,0.0,0.05356085980604366
losses_20260927T094851.473213Z,bce_noise,bce_noise,1,34,0.01383329791992657,0.0,0.024548227958874794,0.0,0.038381525880921134
losses_20260927T094851.473213Z,bce_noise,bce_noise,1,35,0.014403065212467854,0.0,0.026763141448572864,0.0,0.04116620693179801
losses_20260927T094851.473213Z,bce_noise,bce_noise,1,36,0.013353492086455336,0.0,0.02688526231900965,0.0,0.04023875412347866
losses_20260927T094851.473213Z,bce_noise,bce_noise,1,37,0.014683460458901374,0.0,0.028326740097284305,0.0,0.04301020057549275
losses_20260927T094851.473213Z,bce_noise,bce_noise,1,38,0.01139231553226966,0.0,0.021951989868062724,0.0,0.033344305529237145
losses_20260927T094851.473213Z,bce_noise,bce_noise,1,39,0.05144440068770063,0.0,0.025092015987357576,0.0,0.07653641672878284
losses_20260927T094851.473213Z,bce_noise,bce_noise,1,40,0.020796845096674947,0.0,0.030652088002672082,0.0,0.051448933265032616
losses_20260927T094851.473213Z,bce_noise,bce_noise,2,1,0.5348474477219769,0.0,0.00829850186778995,0.0,0.5431459480383265
losses_20260927T094851.473213Z,bce_noise,bce_noise,2,2,0.22735431954616636,0.0,0.042932319946176425,0.0,0.27028663972700673
losses_20260927T094851.473213Z,bce_noise,bce_noise,2,3,0.12990867229193215,0.0,0.051221000147968765,0.0,0.18112967210257147
losses_20260927T094851.473213Z,bce_noise,bce_noise,2,4,0.11350926651260046,0.0,0.04795339922090684,0.0,0.16146266536684487
losses_20260927T094851.473213Z,bce_noise,bce_noise,2,5,0.09354497512846481,0.0,0.04708541062198521,0.0,0.14063038536178785
losses_20260927T094851.473213Z,bce_noise,bce_noise,2,6,0.08647148676333934,0.0,0.047102599016090076,0.0,0.13357408573542992
losses_20260927T094851.473213Z,bce_noise,bce_noise,2,7,0.06287266060299292,0.0,0.04535905189636186,0.0,0.1082317128660172
losses_20260927T094851.473213Z,bce_noise,bce_noise,2,8,0.07842552140501775,0.0,0.044025330840954634,0.0,0.12245085225330563
losses_20260927T094851.473213Z,bce_noise,bce_noise,2,9,0.056647592832840335,0.0,0.04198867916386193,0.0,0.09863627185737055
losses_20260927T094851.473213Z,bce_noise,bce_noise,2,10,0.05420316148945314,0.0,0.04016929143566755,0.0,0.09437245312403506
losses_20260927T094851.473213Z,bce_noise,bce_noise,2,11,0.054557312921598905,0.0,0.04171513357221728,0.0,0.09627244653781568
losses_20260927T094851.473213Z,bce_noise,bce_noise,2,12,0.049591947876752945,0.0,0.04063233440580565,0.0,0.0902242825227225
losses_20260927T094851.473213Z,bce_noise,bce_noise,2,13,0.04736456184603978,0.0,0.04119805330190602,0.0,0.08856261553844129
losses_20260927T094851.473213Z,bce_noise,bce_noise,2,14,0.04536734092210632,0.0,0.038580424773807485,0.0,0.08394776545758323
losses_20260927T094851.473213Z,bce_noise,bce_noise,2,15,0.0547639473403738,0.0,0.036270156510056946,0.0,0.09103410378626482
losses_20260927T094851.473213Z,bce_noise,bce_noise,2,16,0.035496379489878445,0.0,0.03765626796007919,0.0,0.07315264749304047
losses_20260927T094851.473213Z,bce_noise,bce_noise,2,17,0.02661358388544126,0.0,0.0377867336478451,0.0,0.0644003174113711
losses_20260927T094851.473213Z,bce_noise,bce_noise,2,18,0.031140516090434132,0.0,0.03700574793244206,0.0,0.06814626404854256
losses_20260927T094851.473213Z,bce_noise,bce_noise,2,19,0.046697934600891264,0.0,0.0391256198503341,0.0,0.08582355464830643
losses_20260927T094851.473213Z,bce_noise,bce_noise,2,20,0.029785544738012152,0.0,0.032384288786932475,0.0,0.062169833512111444
losses_20260927T094851.473213Z,bce_noise,bce_noise,2,21,0.02771734622514286,0.0,0.0329592116012084,0.0,0.060676557877225666
losses_20260927T094851.473213Z,bce_noise,bce_noise,2,22,0.020287146297279804,0.0,0.033414314123325226,0.0,0.05370146058147817
losses_20260927T094851.473213Z,bce_noise,bce_noise,2,23,0.029504713297575917,0.0,0.033897551797068215,0.0,0.06340226504629053
losses_20260927T094851.473213Z,bce_noise,bce_noise,2,24,0.01962733495839336,0.0,0.03509689732564716,0.0,0.054724232388997644
losses_20260927T094851.473213Z,bce_noise,bce_noise,2,25,0.019298249099854614,0.0,0.029930831931850425,0.0,0.049229081063788004
losses_20260927T094851.473213Z,bce_noise,bce_noise,2,26,0.03179017922659515,0.0,0.036388083086092406,0.0,0.06817826276322402
losses_20260927T094851.473213Z,bce_noise,bce_noise,2,27,0.03696147566358742,0.0,0.03328012434837196,0.0,0.07024160001837597
losses_20260927T094851.473213Z,bce_noise,bce_noise,2,28,0.018389559673341577,0.0,0.030652395168165345,0.0,0.04904195479315331
losses_20260927T094851.473213Z,bce_noise,bce_noise,2,29,0.021096643831811875,0.0,0.02797126043477924,0.0,0.04906790425054964
losses_20260927T094851.473213Z,bce_noise,bce_noise,2,30,0.021295970520985454,0.0,0.03089929856662455,0.0,0.05219526932112814
losses_20260927T094851.473213Z,bce_noise,bce_noise,2,31,0.01822320566678559,0.0,0.031485270852026875,0.0,0.04970847640285547
losses_20260927T094851.473213Z,bce_noise,bce_noise,2,32,0.017793201438314466,0.0,0.026880278085119193,0.0,0.04467347943348678
losses_20260927T094851.473213Z,bce_noise,bce_noise,2,33,0.015278874626740682,0.0,0.02623691052147077,0.0,0.04151578514477399
losses_20260927T094851.473213Z,bce_noise,bce_noise,2,34,0.013876377200427297,0.0,0.025478764832905294,0.0,0.03935514193204209
losses_20260927T094851.473213Z,bce_noise,bce_noise,2,35,0.017823440959818266,0.0,0.025306149919821667,0.0,0.043129590834036294
losses_20260927T094851.473213Z,bce_noise,bce_noise,2,36,0.024283864833419138,0.0,0.03103261309498041,0.0,0.05531647814049085
losses_20260927T094851.473213Z,bce_noise,bce_noise,2,37,0.017279757055574038,0.0,0.03167569831446341,0.0,0.048955455290402954
losses_20260927T094851.473213Z,bce_noise,bce_noise,2,38,0.03710708971658729,0.0,0.03208228116158367,0.0,0.06918937076931804
losses_20260927T094851.473213Z,bce_noise,bce_noise,2,39,0.016547212701916007,0.0,0.028011519511369622,0.0,0.044558732392721054
losses_20260927T094851.473213Z,bce_noise,bce_noise,2,40,0.014091652363248162,0.0,0.027119463821139743,0.0,0.0412111162926679
losses_20260927T094851.473213Z,bce_noise,bce_noise,3,1,0.5330623794467219,0.0,0.01029138677967562,0.0,0.5433537669239505
losses_20260927T094851.473213Z,bce_noise,bce_noise,3,2,0.25682536188152527,0.0,0.04888789124426342,0.0,0.30571325243480746
losses_20260927T094851.473213Z,bce_noise,bce_noise,3,3,0.18993732128893176,0.0,0.05233207484707236,0.0,0.24226939750294532
losses_20260927T094851.473213Z,bce_noise,bce_noise,3,4,0.1347937941130611,0.0,0.04693266756892685,0.0,0.1817264625982892
losses_20260927T094851.473213Z,bce_noise,bce_noise,3,5,0.11287700043871038,0.0,0.04870953111188306,0.0,0.16158653158814676
losses_20260927T094851.473213Z,bce_noise,bce_noise,3,6,0.09884892782617,0.0,0.048081507080144456,0.0,0.14693043552218907
losses_20260927T094851.473213Z,bce_noise,bce_noise,3,7,0.09933374772569345,0.0,0.0484897121186218,0.0,0.14782345979925124
losses_20260927T094851.473213Z,bce_noise,bce_noise,3,8,0.09178984720229862,0.0,0.04269165353804466,0.0,0.13448150056384264
losses_20260927T094851.473213Z,bce_noise,bce_noise,3,9,0.09434696976395865,0.0,0.0518842930004241,0.0,0.14623126324506536
losses_20260927T094851.473213Z,bce_noise,bce_noise,3,10,0.07190838966879153,0.0,0.04853943559611516,0.0,0.12044782582069596
losses_20260927T094851.473213Z,bce_noise,bce_noise,3,11,0.06904763633745813,0.0,0.04607909698519976,0.0,0.11512673321750856
losses_20260927T094851.473213Z,bce_noise,bce_noise,3,12,0.06831032546958135,0.0,0.04475239548651922,0.0,0.11306272086597258
losses_20260927T094851.473213Z,bce_noise,bce_noise,3,13,0.06414235278873914,0.0,0.04413065340955772,0.0,0.10827300592415756
losses_20260927T094851.473213Z,bce_noise,bce_noise,3,14,0.04121358889801007,0.0,0.04623481235091364,0.0,0.08744840107617839
losses_20260927T094851.473213Z,bce_noise,bce_noise,3,15,0.06062890849669554,0.0,0.04173664329573512,0.0,0.10236555199709631
losses_20260927T094851.473213Z,bce_noise,bce_noise,3,16,0.046999269938697255,0.0,0.04185989130318405,0.0,0.08885916118179599
losses_20260927T094851.473213Z,bce_noise,bce_noise,3,17,0.041748870162278295,0.0,0.039055107754745313,0.0,0.08080397788134794
losses_20260927T094851.473213Z,bce_noise,bce_noise,3,18,0.05064227297289988,0.0,0.04288379862273653,0.0,0.09352607113279161
losses_20260927T094851.473213Z,bce_noise,bce_noise,3,19,0.039158592086976335,0.0,0.03561410651872716,0.0,0.07477269857941617
losses_20260927T094851.473213Z,bce_noise,bce_noise,3,20,0.036596965517908815,0.0,0.040350124921514505,0.0,0.07694709036619432
losses_20260927T094851.473213Z,bce_noise,bce_noise,3,21,0.02181135812462608,0.0,0.03675865121711526,0.0,0.05857000916054653
losses_20260927T094851.473213Z,bce_noise,bce_noise,3,22,0.02230679492875483,0.0,0.03514574808181233,0.0,0.05745254304530399
losses_20260927T094851.473213Z,bce_noise,bce_noise,3,23,0.04851760104347411,0.0,0.03729131334130802,0.0,0.08580891418481065
losses_20260927T094851.473213Z,bce_noise,bce_noise,3,24,0.025042089558536967,0.0,0.03684601460343167,0.0,0.06188810425960729
losses_20260927T094851.473213Z,bce_noise,bce_noise,3,25,0.024161864710021613,0.0,0.030051651662365803,0.0,0.05421351637661217
losses_20260927T094851.473213Z,bce_noise,bce_noise,3,26,0.042998983964113696,0.0,0.034439063698594126,0.0,0.07743804772654848
losses_20260927T094851.473213Z,bce_noise,bce_noise,3,27,0.03106418151160582,0.0,0.03276689883862292,0.0,0.06383108034084041
losses_20260927T094851.473213Z,bce_noise,bce_noise,3,28,0.018894816390867722,0.0,0.030470169471359002,0.0,0.04936498583805177
losses_20260927T094851.473213Z,bce_noise,bce_noise,3,29,0.04910846886641887,0.0,0.030835062948866718,0.0,0.07994353186879907
losses_20260927T094851.473213Z,bce_noise,bce_noise,3,30,0.021886629512019064,0.0,0.03036156910726981,0.0,0.05224819849395464
losses_20260927T094851.473213Z,bce_noise,bce_noise,3,31,0.02750758906392636,0.0,0.030696423464236903,0.0,0.058204012646925665
losses_20260927T094851.473213Z,bce_noise,bce_noise,3,32,0.019182815718053345,0.0,0.02545970387009513,0.0,0.04464251971653392
losses_20260927T094851.473213Z,bce_noise,bce_noise,3,33,0.01676032347430948,0.0,0.025500716956993266,0.0,0.042261040420271456
losses_20260927T094851.473213Z,bce_noise,bce_noise,3,34,0.015133860740940192,0.0,0.024580504056141383,0.0,0.039714364702963544
losses_20260927T094851.473213Z,bce_noise,bce_noise,3,35,0.01631793435104379,0.0,0.025834693436345625,0.0,0.04215262795708353
losses_20260927T094851.473213Z,bce_noise,bce_noise,3,36,0.029097247816671078,0.0,0.028508797549875453,0.0,0.05760604540832461
losses_20260927T094851.473213Z,bce_noise,bce_noise,3,37,0.040733982997124024,0.0,0.026030931067643613,0.0,0.06676491426544325
losses_20260927T094851.473213Z,bce_noise,bce_noise,3,38,0.023927736957698325,0.0,0.026533246006546243,0.0,0.050460983112814925
losses_20260927T094851.473213Z,bce_noise,bce_noise,3,39,0.016330469307215555,0.0,0.021146821737807665,0.0,0.0374772910501868
losses_20260927T094851.473213Z,bce_noise,bce_noise,3,40,0.01601235712141422,0.0,0.019049624707305715,0.0,0.03506198178999306
losses_20260927T094851.473213Z,bce_repulsion_noise,bce_repulsion_noise,1,1,0.5375945504725449,0.0,0.006873123974823618,0.015038268646595663,0.5595059453502415
losses_20260927T094851.473213Z,bce_repulsion_noise,bce_repulsion_noise,1,2,0.27031844238361974,0.0,0.033683684163206204,0.006768224470768359,0.31077035135171543
losses_20260927T094851.473213Z,bce_repulsion_noise,bce_repulsion_noise,1,3,0.1542768126690951,0.0,0.04256733105789254,0.0037278850784815856,0.2005720291081376
losses_20260927T094851.473213Z,bce_repulsion_noise,bce_repulsion_noise,1,4,0.11498707496216447,0.0,0.0380028297714009,0.0023021611718223273,0.15529206538880905
losses_20260927T094851.473213Z,bce_repulsion_noise,bce_repulsion_noise,1,5,0.11339358447163593,0.0,0.04270584310045627,0.002888431432109242,0.15898785810536287
losses_20260927T094851.473213Z,bce_repulsion_noise,bce_repulsion_noise,1,6,0.08714084083023738,0.0,0.03841606559099879,0.002089990135931385,0.12764689739881538
losses_20260927T094851.473213Z,bce_repulsion_noise,bce_repulsion_noise,1,7,0.0717235336182859,0.0,0.04240709765425583,0.0017938040694525268,0.1159244349857015
losses_20260927T094851.473213Z,bce_repulsion_noise,bce_repulsion_noise,1,8,0.06957029329070191,0.0,0.04374512652389881,0.0015420012942619125,0.11485742187992794
losses_20260927T094851.473213Z,bce_repulsion_noise,bce_repulsion_noise,1,9,0.07162792160080408,0.0,0.03932149024445593,0.002104437310240822,0.11305384901095564
losses_20260927T094851.473213Z,bce_repulsion_noise,bce_repulsion_noise,1,10,0.05289847150034323,0.0,0.03677505831505487,0.0015868086878136516,0.09126033820211887
losses_20260927T094851.473213Z,bce_repulsion_noise,bce_repulsion_noise,1,11,0.07545974900337361,0.0,0.0393656833211004,0.0018804860282839436,0.11670591869926829
losses_20260927T094851.473213Z,bce_repulsion_noise,bce_repulsion_noise,1,12,0.05293929597040213,0.0,0.03949586063344765,0.001268890447673176,0.09370404700418626
losses_20260927T094851.473213Z,bce_repulsion_noise,bce_repulsion_noise,1,13,0.04835086252254353,0.0,0.03904895885942841,0.0011816668570752982,0.08858148875374963
losses_20260927T094851.473213Z,bce_repulsion_noise,bce_repulsion_noise,1,14,0.04156318694301771,0.0,0.040166796199742734,0.0013450577748663481,0.08307504076070672
losses_20260927T094851.473213Z,bce_repulsion_noise,bce_repulsion_noise,1,15,0.040155081135242826,0.0,0.03625907808474419,0.0011254515682551534,0.07753961022913926
losses_20260927T094851.473213Z,bce_repulsion_noise,bce_repulsion_noise,1,16,0.0475732742508096,0.0,0.03473688347822451,0.0012530964869063065,0.08356325431015547
losses_20260927T094851.473213Z,bce_repulsion_noise,bce_repulsion_noise,1,17,0.061472034439312546,0.0,0.037562627457155606,0.0013322479392190586,0.1003669097462273
losses_20260927T094851.473213Z,bce_repulsion_noise,bce_repulsion_noise,1,18,0.041666476374976044,0.0,0.03666620584769453,0.0010945596565625595,0.07942724204438878
losses_20260927T094851.473213Z,bce_repulsion_noise,bce_repulsion_noise,1,19,0.026996068859025543,0.0,0.038319796619856156,0.0011382999683684013,0.06645416485248354
losses_20260927T094851.473213Z,bce_repulsion_noise,bce_repulsion_noise,1,20,0.04590371906148695,0.0,0.03746989251877086,0.000990312334343032,0.08436392384808598
losses_20260927T094851.473213Z,bce_repulsion_noise,bce_repulsion_noise,1,21,0.032347605091163995,0.0,0.03271907970756586,0.0007729120515515514,0.06583959690669156
losses_20260927T094851.473213Z,bce_repulsion_noise,bce_repulsion_noise,1,22,0.030975192024438516,0.0,0.03164291479184813,0.0010670830944702432,0.06368518995458451
losses_20260927T094851.473213Z,bce_repulsion_noise,bce_repulsion_noise,1,23,0.04490232474159625,0.0,0.03446196698387498,0.0014640853112823822,0.08082837686602642
losses_20260927T094851.473213Z,bce_repulsion_noise,bce_repulsion_noise,1,24,0.026461908356359917,0.0,0.03205643760363065,0.001058740704417766,0.05957708646374659
losses_20260927T094851.473213Z,bce_repulsion_noise,bce_repulsion_noise,1,25,0.03625957725210276,0.0,0.030243512473113132,0.0010365365840727006,0.06753962668113586
losses_20260927T094851.473213Z,bce_repulsion_noise,bce_repulsion_noise,1,26,0.027968603719344846,0.0,0.03084585181433766,0.000804165386606061,0.05961862078768854
losses_20260927T094851.473213Z,bce_repulsion_noise,bce_repulsion_noise,1,27,0.023638087112133898,0.0,0.028293581926960527,0.0009053623499190636,0.052837031405771104
losses_20260927T094851.473213Z,bce_repulsion_noise,bce_repulsion_noise,1,28,0.031381641349142904,0.0,0.03073014392458841,0.0012422237155902177,0.06335400941407704
losses_20260927T094851.473213Z,bce_repulsion_noise,bce_repulsion_noise,1,29,0.03972767915771028,0.0,0.028882296658056885,0.0009345145691498139,0.06954449030211357
losses_20260927T094851.473213Z,bce_repulsion_noise,bce_repulsion_noise,1,30,0.026243557609016383,0.0,0.02937555847887507,0.000892322514204796,0.05651143825279299
losses_20260927T094851.473213Z,bce_repulsion_noise,bce_repulsion_noise,1,31,0.03819238983633686,0.0,0.02880647856426814,0.0009837731487332205,0.06798264108906228
losses_20260927T094851.473213Z,bce_repulsion_noise,bce_repulsion_noise,1,32,0.025214940559313316,0.0,0.03108309210996752,0.0008117079713003019,0.05710974073140171
losses_20260927T094851.473213Z,bce_repulsion_noise,bce_repulsion_noise,1,33,0.036493390824005933,0.0,0.031733174421494516,0.0007324246947200305,0.06895898998252989
losses_20260927T094851.473213Z,bce_repulsion_noise,bce_repulsion_noise,1,34,0.02200959118515781,0.0,0.024447493967151006,0.0006293114589549815,0.04708639659559515
losses_20260927T094851.473213Z,bce_repulsion_noise,bce_repulsion_noise,1,35,0.019856121305350624,0.0,0.026056596037187414,0.0008251496380014899,0.046737867071087964
losses_20260927T094851.473213Z,bce_repulsion_noise,bce_repulsion_noise,1,36,0.01763190621144402,0.0,0.02518568563872699,0.000649449024715827,0.043467040692536735
losses_20260927T094851.473213Z,bce_repulsion_noise,bce_repulsion_noise,1,37,0.036978808589605984,0.0,0.028028500372017772,0.0007426808683023381,0.06574998973863287
losses_20260927T094851.473213Z,bce_repulsion_noise,bce_repulsion_noise,1,38,0.01698578683845974,0.0,0.023022224248467584,0.000561718126130107,0.04056972905436135
losses_20260927T094851.473213Z,bce_repulsion_noise,bce_repulsion_noise,1,39,0.019373744896449895,0.0,0.02390336951352729,0.0006313124880024567,0.04390842690018893
losses_20260927T094851.473213Z,bce_repulsion_noise,bce_repulsion_noise,1,40,0.031654917608440566,0.0,0.028687503716154902,0.0008750686980405818,0.0612174900978305
losses_20260927T094851.473213Z,bce_repulsion_noise,bce_repulsion_noise,2,1,0.5394157875241257,0.0,0.006215079204859047,0.009584867703686212,0.5552157337271323
losses_20260927T094851.473213Z,bce_repulsion_noise,bce_repulsion_noise,2,2,0.22632051241679454,0.0,0.035299374831943064,0.0045685218986285135,0.26618840891545215
losses_20260927T094851.473213Z,bce_repulsion_noise,bce_repulsion_noise,2,3,0.1267084465252133,0.0,0.04646069383410018,0.0031562738795615788,0.17632541347911038
losses_20260927T094851.473213Z,bce_repulsion_noise,bce_repulsion_noise,2,4,0.12472103781059501,0.0,0.0430179702734032,0.0027689074779591177,0.17050791537667823
losses_20260927T094851.473213Z,bce_repulsion_noise,bce_repulsion_noise,2,5,0.09354843752180028,0.0,0.044813625763837746,0.002160781766636276,0.14052284523610056
losses_20260927T094851.473213Z,bce_repulsion_noise,bce_repulsion_noise,2,6,0.08059956523494458,0.0,0.045897361463097135,0.0015039334753878858,0.12800086049113688
losses_20260927T094851.473213Z,bce_repulsion_noise,bce_repulsion_noise,2,7,0.06370305268489938,0.0,0.04586920752300052,0.0013000030780822844,0.11087226292749089
losses_20260927T094851.473213Z,bce_repulsion_noise,bce_repulsion_noise,2,8,0.07235392515261577,0.0,0.043500877011156694,0.0012221701236689916,0.11707697210349435
losses_20260927T094851.473213Z,bce_repulsion_noise,bce_repulsion_noise,2,9,0.07094788237467525,0.0,0.04498420623461093,0.0012065764293959181,0.11713866449481859
losses_20260927T094851.473213Z,bce_repulsion_noise,bce_repulsion_noise,2,10,0.06324319127125769,0.0,0.041433953577432577,0.0011797662146983477,0.10585691099326441
losses_20260927T094851.473213Z,bce_repulsion_noise,bce_repulsion_noise,2,11,0.06054617919203803,0.0,0.04294238437524461,0.0011658328040489215,0.10465439624615072
losses_20260927T094851.473213Z,bce_repulsion_noise,bce_repulsion_noise,2,12,0.045623105052330595,0.0,0.039484332568620835,0.0012325655252926645,0.08634000321424852
losses_20260927T094851.473213Z,bce_repulsion_noise,bce_repulsion_noise,2,13,0.04606582228219005,0.0,0.0424769482370026,0.0009405963786360468,0.0894833669711755
losses_20260927T094851.473213Z,bce_repulsion_noise,bce_repulsion_noise,2,14,0.04675436348426999,0.0,0.040009271877810476,0.0012550735617570734,0.088018709119028
losses_20260927T094851.473213Z,bce_repulsion_noise,bce_repulsion_noise,2,15,0.050918877614280725,0.0,0.03881619633798759,0.0009446392642695266,0.09067971296021789
losses_20260927T094851.473213Z,bce_repulsion_noise,bce_repulsion_noise,2,16,0.04695528427388255,0.0,0.03823132617179099,0.00131799825902008,0.08650460819471774
losses_20260927T094851.473213Z,bce_repulsion_noise,bce_repulsion_noise,2,17,0.033827454707856607,0.0,0.03793936092626509,0.0008535165907949159,0.07262033221172536
losses_20260927T094851.473213Z,bce_repulsion_noise,bce_repulsion_noise,2,18,0.03424365783484257,0.0,0.03842672931881049,0.000866520383430195,0.07353690739603728
losses_20260927T094851.473213Z,bce_repulsion_noise,bce_repulsion_noise,2,19,0.03755540383052022,0.0,0.04119033497706877,0.0010549758149205073,0.07980071421800636
losses_20260927T094851.473213Z,bce_repulsion_noise,bce_repulsion_noise,2,20,0.03756141467579076,0.0,0.033707820968042444,0.0007429954150254384,0.07201223126722603
losses_20260927T094851.473213Z,bce_repulsion_noise,bce_repulsion_noise,2,21,0.04644434838775751,0.0,0.03413872423308616,0.0009620998210116018,0.08154517202454759
losses_20260927T094851.473213Z,bce_repulsion_noise,bce_repulsion_noise,2,22,0.025361325512970174,0.0,0.033384196082584736,0.0006177668708012674,0.05936328855555827
losses_20260927T094851.473213Z,bce_repulsion_noise,bce_repulsion_noise,2,23,0.03413809459073484,0.0,0.036444228061834186,0.0008722029408491785,0.0714545254045584
losses_20260927T094851.473213Z,bce_repulsion_noise,bce_repulsion_noise,2,24,0.029118289178288653,0.0,0.03699059083720478,0.0007642043856035379,0.06687308432842333
losses_20260927T094851.473213Z,bce_repulsion_noise,bce_repulsion_noise,2,25,0.02448879696995269,0.0,0.035849703182502995,0.000633366126648765,0.0609718666404603
losses_20260927T094851.473213Z,bce_repulsion_noise,bce_repulsion_noise,2,26,0.02170643767508803,0.0,0.0314287672875317,0.0007859271693267533,0.053921132353977774
losses_20260927T094851.473213Z,bce_repulsion_noise,bce_repulsion_noise,2,27,0.04039411025381222,0.0,0.032747055033100846,0.0006174366844824699,0.07375860166567283
losses_20260927T094851.473213Z,bce_repulsion_noise,bce_repulsion_noise,2,28,0.025267838835936245,0.0,0.028394762724527987,0.0007354140532583202,0.05439801547148331
losses_20260927T094851.473213Z,bce_repulsion_noise,bce_repulsion_noise,2,29,0.025912276596815408,0.0,0.028731096669752883,0.0005726037318487129,0.055215976912322946
losses_20260927T094851.473213Z,bce_repulsion_noise,bce_repulsion_noise,2,30,0.020246806342290407,0.0,0.026753131254836478,0.0006852090469821389,0.04768514692944687
losses_20260927T094851.473213Z,bce_repulsion_noise,bce_repulsion_noise,2,31,0.024095963559976934,0.0,0.028354814618011922,0.0007713683561181766,0.05322214641872295
losses_20260927T094851.473213Z,bce_repulsion_noise,bce_repulsion_noise,2,32,0.021411471532687076,0.0,0.02957456295770835,0.0007161015218882785,0.0517021357301828
losses_20260927T094851.473213Z,bce_repulsion_noise,bce_repulsion_noise,2,33,0.02643927071973641,0.0,0.03393594580647484,0.000916849075762489,0.06129206552016219
losses_20260927T094851.473213Z,bce_repulsion_noise,bce_repulsion_noise,2,34,0.01980105354074814,0.0,0.028336547612117267,0.0007920051522787402,0.04892960610234831
losses_20260927T094851.473213Z,bce_repulsion_noise,bce_repulsion_noise,2,35,0.01667313746613905,0.0,0.026351750660921432,0.0004581866574902617,0.04348307494147439
losses_20260927T094851.473213Z,bce_repulsion_noise,bce_repulsion_noise,2,36,0.02408247653167607,0.0,0.03340030064637677,0.0006141409595852386,0.058096917844780785
losses_20260927T094851.473213Z,bce_repulsion_noise,bce_repulsion_noise,2,37,0.0267757542258794,0.0,0.03155672673124996,0.0006772461271657807,0.05900972688526619
losses_20260927T094851.473213Z,bce_repulsion_noise,bce_repulsion_noise,2,38,0.03733350003885717,0.0,0.02866130119728614,0.0010086274389795732,0.06700342892133813
losses_20260927T094851.473213Z,bce_repulsion_noise,bce_repulsion_noise,2,39,0.015212972810231588,0.0,0.025932067850747652,0.0004990868441468127,0.04164412743631956
losses_20260927T094851.473213Z,bce_repulsion_noise,bce_repulsion_noise,2,40,0.04339055296074412,0.0,0.028298558620552673,0.0007318978011791455,0.07242100940298611
losses_20260927T094851.473213Z,bce_repulsion_noise,bce_repulsion_noise,3,1,0.5353710382215439,0.0,0.008242505173139732,0.01449437885011937,0.5581079216734055
losses_20260927T094851.473213Z,bce_repulsion_noise,bce_repulsion_noise,3,2,0.26778028058188574,0.0,0.03551600120901581,0.006207184914890076,0.30950346709259097
losses_20260927T094851.473213Z,bce_repulsion_noise,bce_repulsion_noise,3,3,0.1964902378798973,0.0,0.041861772469635454,0.0039769098230833825,0.24232892025141947
losses_20260927T094851.473213Z,bce_repulsion_noise,bce_repulsion_noise,3,4,0.13314030475674138,0.0,0.042088523304330244,0.0026255817561362956,0.17785441022246115
losses_20260927T094851.473213Z,bce_repulsion_noise,bce_repulsion_noise,3,5,0.11502714736026622,0.0,0.04209491104308155,0.0023358971393417595,0.1594579558398935
losses_20260927T094851.473213Z,bce_repulsion_noise,bce_repulsion_noise,3,6,0.10206135246722449,0.0,0.04414955744399659,0.002077983594062971,0.1482888939940641
losses_20260927T094851.473213Z,bce_repulsion_noise,bce_repulsion_noise,3,7,0.10107208750090532,0.0,0.04295489569795468,0.0018758809877791435,0.1459028641242654
losses_20260927T094851.473213Z,bce_repulsion_noise,bce_repulsion_noise,3,8,0.0901020215448713,0.0,0.04052421616600646,0.0015274524063179048,0.1321536902818949
losses_20260927T094851.473213Z,bce_repulsion_noise,bce_repulsion_noise,3,9,0.07447228718909525,0.0,0.04832251988832028,0.0013934582123863125,0.12418826570313785
losses_20260927T094851.473213Z,bce_repulsion_noise,bce_repulsion_noise,3,10,0.075106417242017,0.0,0.04382069627453963,0.0017912794144414816,0.12071839305421998
losses_20260927T094851.473213Z,bce_repulsion_noise,bce_repulsion_noise,3,11,0.06703089016129173,0.0,0.04002344669143279,0.00149876944998405,0.10855310548457407
losses_20260927T094851.473213Z,bce_repulsion_noise,bce_repulsion_noise,3,12,0.07293966373488787,0.0,0.04009089655723543,0.0013664043389502284,0.11439696444018234
losses_20260927T094851.473213Z,bce_repulsion_noise,bce_repulsion_noise,3,13,0.0560236951193562,0.0,0.04100917516869583,0.001029193487166565,0.09806206409308699
losses_20260927T094851.473213Z,bce_repulsion_noise,bce_repulsion_noise,3,14,0.03866053276109479,0.0,0.039930869276905735,0.0012226406955696508,0.0798140422651364
losses_20260927T094851.473213Z,bce_repulsion_noise,bce_repulsion_noise,3,15,0.07334890331502163,0.0,0.0377054258508818,0.001410418208279445,0.11246474728649182
losses_20260927T094851.473213Z,bce_repulsion_noise,bce_repulsion_noise,3,16,0.06777293383023672,0.0,0.03643888629214358,0.000975517736297925,0.10518733766530791
losses_20260927T094851.473213Z,bce_repulsion_noise,bce_repulsion_noise,3,17,0.04662722191255119,0.0,0.035977019252435814,0.0010178454881790986,0.08362208667301363
losses_20260927T094851.473213Z,bce_repulsion_noise,bce_repulsion_noise,3,18,0.050216963319408316,0.0,0.03360857148542099,0.0010185815560303567,0.08484411658719182
losses_20260927T094851.473213Z,bce_repulsion_noise,bce_repulsion_noise,3,19,0.03406323608472913,0.0,0.03420073977641521,0.0009421652149256026,0.06920614093542099
losses_20260927T094851.473213Z,bce_repulsion_noise,bce_repulsion_noise,3,20,0.05552832934735043,0.0,0.037528607216964084,0.0013039678637611477,0.09436090386682941
losses_20260927T094851.473213Z,bce_repulsion_noise,bce_repulsion_noise,3,21,0.02956259200694941,0.0,0.03421662011439161,0.0006130249836543601,0.06439223689507813
losses_20260927T094851.473213Z,bce_repulsion_noise,bce_repulsion_noise,3,22,0.03627817830701749,0.0,0.03677522688972643,0.0008753891975413441,0.0739287945456923
losses_20260927T094851.473213Z,bce_repulsion_noise,bce_repulsion_noise,3,23,0.02907251220876201,0.0,0.03381028077039387,0.0008574453847447125,0.06374023817179184
losses_20260927T094851.473213Z,bce_repulsion_noise,bce_repulsion_noise,3,24,0.02572969514961099,0.0,0.031958253479622785,0.000859913806996173,0.058547862610148806
losses_20260927T094851.473213Z,bce_repulsion_noise,bce_repulsion_noise,3,25,0.04431143864865355,0.0,0.03002687380297087,0.0008962543299437511,0.07523456688279347
losses_20260927T094851.473213Z,bce_repulsion_noise,bce_repulsion_noise,3,26,0.04536544800090093,0.0,0.032579522076693755,0.0010210037877890676,0.07896597386007348
losses_20260927T094851.473213Z,bce_repulsion_noise,bce_repulsion_noise,3,27,0.03720820322257256,0.0,0.03433836908211121,0.000984336827682895,0.07253090919355952
losses_20260927T094851.473213Z,bce_repulsion_noise,bce_repulsion_noise,3,28,0.020913181136664558,0.0,0.028085986722163076,0.0008012040324237821,0.04980037176621056
losses_20260927T094851.473213Z,bce_repulsion_noise,bce_repulsion_noise,3,29,0.04063805090657796,0.0,0.029718254593336175,0.0009830840837469536,0.07133938933932973
losses_20260927T094851.473213Z,bce_repulsion_noise,bce_repulsion_noise,3,30,0.028098834633936115,0.0,0.029760408095054088,0.0006649509623017484,0.05852419395570553
losses_20260927T094851.473213Z,bce_repulsion_noise,bce_repulsion_noise,3,31,0.02250103513201353,0.0,0.03074324992109811,0.0008166998877054392,0.05406098507134424
losses_20260927T094851.473213Z,bce_repulsion_noise,bce_repulsion_noise,3,32,0.020394680094238626,0.0,0.024530490019617813,0.0006505071246868782,0.04557567715059004
losses_20260927T094851.473213Z,bce_repulsion_noise,bce_repulsion_noise,3,33,0.017430319362545327,0.0,0.025617420276948025,0.0006689269472014032,0.04371666655530252
losses_20260927T094851.473213Z,bce_repulsion_noise,bce_repulsion_noise,3,34,0.015309169385281781,0.0,0.02515200985128045,0.0008541997858922132,0.04131537896671122
losses_20260927T094851.473213Z,bce_repulsion_noise,bce_repulsion_noise,3,35,0.0768300423057348,0.0,0.030846663745309814,0.0017324584204024792,0.1094091646373272
losses_20260927T094851.473213Z,bce_repulsion_noise,bce_repulsion_noise,3,36,0.030119327620805932,0.0,0.027367744507500902,0.0007297146327650514,0.05821678706730205
losses_20260927T094851.473213Z,bce_repulsion_noise,bce_repulsion_noise,3,37,0.016792760316973493,0.0,0.023830548566512597,0.0006801051425892154,0.041303414089094485
losses_20260927T094851.473213Z,bce_repulsion_noise,bce_repulsion_noise,3,38,0.018408197477026166,0.0,0.0236735807059543,0.0009561544274322753,0.043037932653415704
losses_20260927T094851.473213Z,bce_repulsion_noise,bce_repulsion_noise,3,39,0.01765793572051353,0.0,0.021542776275436475,0.0007752339581528641,0.03997594596359939
losses_20260927T094851.473213Z,bce_repulsion_noise,bce_repulsion_noise,3,40,0.045611171815835405,0.0,0.025047489395341647,0.000745408688617904,0.07140406995876541
losses_20260927T094851.473213Z,corrected_margin,corrected_margin,1,1,0.597461037513778,2.643311089418066,0.0020859904967996203,0.14289266756904406,3.385750779955406
losses_20260927T094851.473213Z,corrected_margin,corrected_margin,1,2,0.32853855615056404,2.5482586969540812,0.02382783363866583,0.11116996416308748,3.011795042068001
losses_20260927T094851.473213Z,corrected_margin,corrected_margin,1,3,0.15480429221560635,2.4648785440940557,0.051620846335578154,0.08419803726508862,2.75550171521705
losses_20260927T094851.473213Z,corrected_margin,corrected_margin,1,4,0.11012096773451707,2.4168695108158382,0.060901080734851794,0.07349800751141207,2.6613895667819527
losses_20260927T094851.473213Z,corrected_margin,corrected_margin,1,5,0.0987563106986716,2.4110971679837685,0.06737204802435214,0.07385495161329668,2.6510804732014814
losses_20260927T094851.473213Z,corrected_margin,corrected_margin,1,6,0.0685542897856611,2.384727243363388,0.0645004572772135,0.05654522213410205,2.5743271966618817
losses_20260927T094851.473213Z,corrected_margin,corrected_margin,1,7,0.07267497872977745,2.383369126657801,0.07351493275189024,0.06261917826990912,2.5921782058055007
losses_20260927T094851.473213Z,corrected_margin,corrected_margin,1,8,0.05327602915143169,2.3634802900900054,0.06765222015577978,0.05041294815807097,2.534821480277955
losses_20260927T094851.473213Z,corrected_margin,corrected_margin,1,9,0.054712058572963934,2.3487652418181653,0.06965706999025006,0.05067383454687248,2.5238081845711537
losses_20260927T094851.473213Z,corrected_margin,corrected_margin,1,10,0.04303422393497285,2.3462712389277662,0.0636839285991558,0.04381903267546198,2.4968084218933826
losses_20260927T094851.473213Z,corrected_margin,corrected_margin,1,11,0.06266094494141697,2.3736185614518295,0.07076667511733029,0.052789943674065934,2.5598361210560237
losses_20260927T094851.473213Z,corrected_margin,corrected_margin,1,12,0.047491620661412166,2.346681313251886,0.07177238708992642,0.043441143796199885,2.5093864380843995
losses_20260927T094851.473213Z,corrected_margin,corrected_margin,1,13,0.031667562707613305,2.321860422299603,0.06661379881437839,0.040651004277463036,2.46079279681829
losses_20260927T094851.473213Z,corrected_margin,corrected_margin,1,14,0.03474674877292645,2.3306543676871954,0.06504937032545645,0.04024467710588919,2.470695168953242
losses_20260927T094851.473213Z,corrected_margin,corrected_margin,1,15,0.030890815524663044,2.333406161135576,0.06263753950713187,0.037107592160762176,2.4640420909941665
losses_20260927T094851.473213Z,corrected_margin,corrected_margin,1,16,0.04094245619925223,2.341997737959614,0.061761154272542224,0.0353455435462648,2.480046893667987
losses_20260927T094851.473213Z,corrected_margin,corrected_margin,1,17,0.029090599343913982,2.318464451887476,0.060887133313973586,0.034212467658487476,2.4426546415944737
losses_20260927T094851.473213Z,corrected_margin,corrected_margin,1,18,0.023324028794162385,2.2966501187151813,0.060453933407002544,0.0342149620575053,2.414643056749359
losses_20260927T094851.473213Z,corrected_margin,corrected_margin,1,19,0.020186195718344506,2.2894660281384085,0.059954111896983284,0.02977951469750503,2.3993858296101487
losses_20260927T094851.473213Z,corrected_margin,corrected_margin,1,20,0.02275973646791549,2.3042220186999463,0.058556564504236686,0.029314446332681134,2.414852759969516
losses_20260927T094851.473213Z,corrected_margin,corrected_margin,1,21,0.034058949748772806,2.322751587770117,0.05689742798938995,0.030696495597463423,2.444404465007031
losses_20260927T094851.473213Z,corrected_margin,corrected_margin,1,22,0.020129376281727486,2.3067153682858925,0.05532114122678915,0.029449702040695653,2.411615602613434
losses_20260927T094851.473213Z,corrected_margin,corrected_margin,1,23,0.03713708286958299,2.325774759758176,0.05831997348802296,0.03461955537410878,2.4558513671394406
losses_20260927T094851.473213Z,corrected_margin,corrected_margin,1,24,0.023278129279730827,2.30540057242386,0.05336229000093899,0.028795635448695404,2.410836636550783
losses_20260927T094851.473213Z,corrected_margin,corrected_margin,1,25,0.025144122894780022,2.2845709117378776,0.05520590974061977,0.029469535447745106,2.394390466645008
losses_20260927T094851.473213Z,corrected_margin,corrected_margin,1,26,0.025556408543521026,2.310455337284118,0.051105161637478455,0.02919929236782977,2.4163161994904043
losses_20260927T094851.473213Z,corrected_margin,corrected_margin,1,27,0.019148489766512213,2.2897273011094943,0.050633365369042546,0.02642906253688096,2.3859382276459944
losses_20260927T094851.473213Z,corrected_margin,corrected_margin,1,28,0.01929550086822742,2.3086428830004113,0.05520797626474711,0.028231670863662413,2.411378019438015
losses_20260927T094851.473213Z,corrected_margin,corrected_margin,1,29,0.020859743769126613,2.2955637616435376,0.045492027277552236,0.023017164268420907,2.384932692595354
losses_20260927T094851.473213Z,corrected_margin,corrected_margin,1,30,0.01747547813661866,2.2931394445614552,0.046876485158843316,0.02380973758065054,2.3813011364674006
losses_20260927T094851.473213Z,corrected_margin,corrected_margin,1,31,0.01834178526929807,2.300892291106577,0.04828364400955753,0.02352810952712518,2.3910458444610354
losses_20260927T094851.473213Z,corrected_margin,corrected_margin,1,32,0.016922878517629945,2.2811465225820466,0.04630357766245294,0.02387912466564751,2.368252106538908
losses_20260927T094851.473213Z,corrected_margin,corrected_margin,1,33,0.012902463063979007,2.2793758384824736,0.04164073587666581,0.021310887591433014,2.3552299184123364
losses_20260927T094851.473213Z,corrected_margin,corrected_margin,1,34,0.013445461953542834,2.287012798579659,0.04031956331129736,0.019546802898164926,2.3603246212005615
losses_20260927T094851.473213Z,corrected_margin,corrected_margin,1,35,0.014458526004707133,2.281588723340372,0.04187111008736327,0.023092211576592997,2.361010564593818
losses_20260927T094851.473213Z,corrected_margin,corrected_margin,1,36,0.010864861634024602,2.2764880056456316,0.04246116487500001,0.022063876908752833,2.3518779259028397
losses_20260927T094851.473213Z,corrected_margin,corrected_margin,1,37,0.0297799351493146,2.298913963197723,0.04870202317540571,0.02752441631934393,2.4049203339524157
losses_20260927T094851.473213Z,corrected_margin,corrected_margin,1,38,0.016532976486478147,2.2816915230488215,0.04189493731544243,0.022851402024320497,2.362970832764633
losses_20260927T094851.473213Z,corrected_margin,corrected_margin,1,39,0.024428290049142137,2.302365719802736,0.04078217723414185,0.024698627551909404,2.392274809634592
losses_20260927T094851.473213Z,corrected_margin,corrected_margin,1,40,0.022702049746317423,2.296838976266816,0.04918803584094592,0.028229093263439073,2.3969581521402192
losses_20260927T094851.473213Z,corrected_margin,corrected_margin,2,1,0.5967582907733016,2.6324028856172337,0.002399857031771781,0.11667878820201544,3.348239832975733
losses_20260927T094851.473213Z,corrected_margin,corrected_margin,2,2,0.29237124194779734,2.487500690099761,0.025034722743746567,0.0836910557911152,2.8885977099260947
losses_20260927T094851.473213Z,corrected_margin,corrected_margin,2,3,0.1443041060853192,2.439955234527588,0.04858790968698779,0.06405012117420125,2.6968973828112985
losses_20260927T094851.473213Z,corrected_margin,corrected_margin,2,4,0.11082652225855767,2.420442759521364,0.055162157694713804,0.05866451935446638,2.6450959584844393
losses_20260927T094851.473213Z,corrected_margin,corrected_margin,2,5,0.09605873175200046,2.419243940218227,0.06022558245426557,0.05754484334505919,2.633073091506958
losses_20260927T094851.473213Z,corrected_margin,corrected_margin,2,6,0.06406717287655186,2.37366496859573,0.06322169603090587,0.04851300565628555,2.5494668502507247
losses_20260927T094851.473213Z,corrected_margin,corrected_margin,2,7,0.05464655417567632,2.3705839209669217,0.06047965715250631,0.0405739474249637,2.5262840638949178
losses_20260927T094851.473213Z,corrected_margin,corrected_margin,2,8,0.053438199368694164,2.370022193653377,0.06294944043469242,0.03892864360965378,2.525338490178266
losses_20260927T094851.473213Z,corrected_margin,corrected_margin,2,9,0.0512215556635514,2.367878636037271,0.06185983251926937,0.03892078325445727,2.519880796042014
losses_20260927T094851.473213Z,corrected_margin,corrected_margin,2,10,0.04448757252443259,2.348264557170117,0.0620323100134613,0.034514201368667244,2.489298644028311
losses_20260927T094851.473213Z,corrected_margin,corrected_margin,2,11,0.036991940539946234,2.3396934017421693,0.06693641429283018,0.033730170410859774,2.4773519189338984
losses_20260927T094851.473213Z,corrected_margin,corrected_margin,2,12,0.042700195941692734,2.346995898119108,0.0635076721646185,0.03430144904532211,2.487505210666206
losses_20260927T094851.473213Z,corrected_margin,corrected_margin,2,13,0.03378167220457332,2.325226669236431,0.06151366326224616,0.03104653271505477,2.4515685321777823
losses_20260927T094851.473213Z,corrected_margin,corrected_margin,2,14,0.031523269080505595,2.3206676010071763,0.061053241243747274,0.02924187893531923,2.4424859970573367
losses_20260927T094851.473213Z,corrected_margin,corrected_margin,2,15,0.030674843047928856,2.312307830870621,0.05917173291109209,0.0268898614784006,2.4290442654467004
losses_20260927T094851.473213Z,corrected_margin,corrected_margin,2,16,0.026054414814176755,2.3105945530838854,0.0603732710308212,0.027802069211290695,2.4248243072840174
losses_20260927T094851.473213Z,corrected_margin,corrected_margin,2,17,0.024826856297037497,2.3112031099364514,0.05782379982919674,0.024642781941146833,2.4184965355189765
losses_20260927T094851.473213Z,corrected_margin,corrected_margin,2,18,0.022603807105558125,2.297712345761577,0.0554517170956989,0.023502648144403077,2.3992705007237713
losses_20260927T094851.473213Z,corrected_margin,corrected_margin,2,19,0.024080276269260355,2.313377720164502,0.05961922415363507,0.025065048848000156,2.422142270981796
losses_20260927T094851.473213Z,corrected_margin,corrected_margin,2,20,0.026021847142067952,2.3102358457610364,0.053051636165638606,0.024902977108016727,2.4142123075920767
losses_20260927T094851.473213Z,corrected_margin,corrected_margin,2,21,0.03052823344890879,2.32344125574968,0.05741425586028362,0.02501239266437222,2.436396136997253
losses_20260927T094851.473213Z,corrected_margin,corrected_margin,2,22,0.024576325009862975,2.3095552470740373,0.058529952672992165,0.026223167629479835,2.418884684720377
losses_20260927T094851.473213Z,corrected_margin,corrected_margin,2,23,0.02225088563153711,2.2978610504330614,0.05402447129269754,0.022713573254446874,2.3968499720565917
losses_20260927T094851.473213Z,corrected_margin,corrected_margin,2,24,0.021718669583742307,2.2988287219851036,0.05108533102989666,0.02118317295126177,2.3928158959065837
losses_20260927T094851.473213Z,corrected_margin,corrected_margin,2,25,0.018426352206206933,2.309339048355583,0.05025753771930229,0.017297116856230057,2.395320049421055
losses_20260927T094851.473213Z,corrected_margin,corrected_margin,2,26,0.016654387323596462,2.297100448232936,0.04831573864313092,0.016617295064131076,2.3786878717227244
losses_20260927T094851.473213Z,corrected_margin,corrected_margin,2,27,0.041654670820021486,2.3558605862414743,0.05845034223665872,0.030528492295168574,2.4864941018772875
losses_20260927T094851.473213Z,corrected_margin,corrected_margin,2,28,0.021296525854382693,2.300539818335706,0.050867056686753835,0.021937661815516506,2.3946410670993834
losses_20260927T094851.473213Z,corrected_margin,corrected_margin,2,29,0.01680297306628795,2.292047585089376,0.04600928666612764,0.017346444316978352,2.372206258022879
losses_20260927T094851.473213Z,corrected_margin,corrected_margin,2,30,0.026816376444597646,2.3117027545538473,0.0495782998632493,0.02245638135538297,2.410553812041996
losses_20260927T094851.473213Z,corrected_margin,corrected_margin,2,31,0.02567703250656271,2.3143189629231853,0.05035610983925542,0.022202197639578695,2.4125542734551617
losses_20260927T094851.473213Z,corrected_margin,corrected_margin,2,32,0.018718272229421913,2.30457782369899,0.05056334917587558,0.020639515982383467,2.3944989564850574
losses_20260927T094851.473213Z,corrected_margin,corrected_margin,2,33,0.016623499319250657,2.285698616598535,0.04595421696829749,0.01653693233869647,2.3648132677153337
losses_20260927T094851.473213Z,corrected_margin,corrected_margin,2,34,0.01889800582829071,2.272254782398855,0.04299523363139216,0.016920696897707206,2.351068744509239
losses_20260927T094851.473213Z,corrected_margin,corrected_margin,2,35,0.01960494705864529,2.290002404235479,0.04368513870221658,0.015395594337280459,2.3686880896410605
losses_20260927T094851.473213Z,corrected_margin,corrected_margin,2,36,0.015440937668803757,2.2883368871343417,0.04190414218510699,0.015405913962483935,2.361087866655485
losses_20260927T094851.473213Z,corrected_margin,corrected_margin,2,37,0.021594999963050986,2.2877827601169978,0.04996363453449696,0.020823892215578486,2.3801652897061327
losses_20260927T094851.473213Z,corrected_margin,corrected_margin,2,38,0.03380509283701618,2.313290402645201,0.04620569277422752,0.023271176433071538,2.4165723624191884
losses_20260927T094851.473213Z,corrected_margin,corrected_margin,2,39,0.019582104398025654,2.2924815763638713,0.042416851600910736,0.016914354917303635,2.3713948670334704
losses_20260927T094851.473213Z,corrected_margin,corrected_margin,2,40,0.017006865880400762,2.2869660065868707,0.04350535427843492,0.016483658823580206,2.363961876846674
losses_20260927T094851.473213Z,corrected_margin,corrected_margin,3,1,0.5976622075803818,2.674830888548205,0.0028903384532426453,0.13912852877570736,3.414511957476216
losses_20260927T094851.473213Z,corrected_margin,corrected_margin,3,2,0.32905055101840724,2.5596757358120334,0.023237946208551404,0.10951106334405561,3.021475282407576
losses_20260927T094851.473213Z,corrected_margin,corrected_margin,3,3,0.19035854815475403,2.4991131328767344,0.04750181386818088,0.09427684969118526,2.831250321480536
losses_20260927T094851.473213Z,corrected_margin,corrected_margin,3,4,0.12165266368538141,2.4330587194811915,0.058379986969333504,0.07860733148071074,2.691698703073686
losses_20260927T094851.473213Z,corrected_margin,corrected_margin,3,5,0.11015878997803215,2.4307883593343917,0.0635221968555162,0.06420391423988246,2.668673259596671
losses_20260927T094851.473213Z,corrected_margin,corrected_margin,3,6,0.09436551495004565,2.420349540248994,0.06440196803680831,0.05911749568317206,2.638234515343943
losses_20260927T094851.473213Z,corrected_margin,corrected_margin,3,7,0.07897704666961104,2.403985913722746,0.06488786394437475,0.054812106904723955,2.6026629209518433
losses_20260927T094851.473213Z,corrected_margin,corrected_margin,3,8,0.07464474673953748,2.401881141047324,0.06086390629230488,0.047826329749377984,2.585216135747971
losses_20260927T094851.473213Z,corrected_margin,corrected_margin,3,9,0.05816478831993957,2.377506361853692,0.06571408232013064,0.04408675629172414,2.54547199895305
losses_20260927T094851.473213Z,corrected_margin,corrected_margin,3,10,0.06423613213513407,2.3700837185305934,0.0664661742386318,0.04343985433074375,2.5442258754084186
losses_20260927T094851.473213Z,corrected_margin,corrected_margin,3,11,0.05110706488091138,2.356159602442095,0.06287566740666667,0.04038446033073048,2.5105267801592426
losses_20260927T094851.473213Z,corrected_margin,corrected_margin,3,12,0.04712075047615555,2.3573094241080748,0.06308763363068143,0.03786330072269324,2.5053810977166697
losses_20260927T094851.473213Z,corrected_margin,corrected_margin,3,13,0.0400544730871315,2.3246117522639613,0.06272102772228179,0.0343968203223701,2.4617840397742485
losses_20260927T094851.473213Z,corrected_margin,corrected_margin,3,14,0.03383959004385097,2.345972845631261,0.05968653738138176,0.032613464848949544,2.472112432602913
losses_20260927T094851.473213Z,corrected_margin,corrected_margin,3,15,0.03845765775505213,2.324438133547383,0.05898063092101966,0.03210046626777659,2.453976892655896
losses_20260927T094851.473213Z,corrected_margin,corrected_margin,3,16,0.028885347077683095,2.3082506810465167,0.055308544377405795,0.02678093717305831,2.4192255043214366
losses_20260927T094851.473213Z,corrected_margin,corrected_margin,3,17,0.0374079022609118,2.326933862701539,0.05920304185260208,0.03288318238018321,2.456428006772072
losses_20260927T094851.473213Z,corrected_margin,corrected_margin,3,18,0.026604844568928164,2.3178756256257333,0.05591487907053482,0.027463821108422933,2.427859167898855
losses_20260927T094851.473213Z,corrected_margin,corrected_margin,3,19,0.024140685511332367,2.2945928073698476,0.05415835447849766,0.028657146449756598,2.4015489912802175
losses_20260927T094851.473213Z,corrected_margin,corrected_margin,3,20,0.03605218518960981,2.3230652847597675,0.0573011337809505,0.03258763424556462,2.449006232523149
losses_20260927T094851.473213Z,corrected_margin,corrected_margin,3,21,0.021852328926475057,2.2987508735349103,0.04930241149099123,0.022850336538883107,2.392755954496322
losses_20260927T094851.473213Z,corrected_margin,corrected_margin,3,22,0.036647362255250976,2.3120409884760456,0.0518985266136306,0.02938642521527776,2.4299732850443934
losses_20260927T094851.473213Z,corrected_margin,corrected_margin,3,23,0.024187061496289266,2.2994156460608206,0.054141988286808614,0.025324982361898066,2.4030696749687195
losses_20260927T094851.473213Z,corrected_margin,corrected_margin,3,24,0.0226170618026968,2.286274658095452,0.050840319464764284,0.025552378597504068,2.385284435364508
losses_20260927T094851.473213Z,corrected_margin,corrected_margin,3,25,0.02937368317807634,2.305544565762243,0.04765630268581932,0.02459172002718626,2.4071662599040615
losses_20260927T094851.473213Z,corrected_margin,corrected_margin,3,26,0.030745460349510634,2.2997255113817032,0.055970809031878746,0.026713529483634875,2.4131553134610577
losses_20260927T094851.473213Z,corrected_margin,corrected_margin,3,27,0.019856849253448026,2.2919766826014363,0.046834328046609315,0.022327058601912277,2.3809949053872015
losses_20260927T094851.473213Z,corrected_margin,corrected_margin,3,28,0.022479182161811377,2.2969862741808735,0.04412169815341552,0.021568764189132415,2.385155935441294
losses_20260927T094851.473213Z,corrected_margin,corrected_margin,3,29,0.03284207457721594,2.3136599044645987,0.04725711277475761,0.023897879336389802,2.4176569561804495
losses_20260927T094851.473213Z,corrected_margin,corrected_margin,3,30,0.01762979263589988,2.277859455154788,0.04308952674299719,0.02016448496555489,2.3587432715200607
losses_20260927T094851.473213Z,corrected_margin,corrected_margin,3,31,0.02713747202388702,2.3115559047268284,0.046277237282465064,0.02449838934567637,2.4094690180593923
losses_20260927T094851.473213Z,corrected_margin,corrected_margin,3,32,0.030962585122324526,2.311790174053561,0.04000397257116293,0.022022978564153514,2.404779707231829
losses_20260927T094851.473213Z,corrected_margin,corrected_margin,3,33,0.022638838366425086,2.272637061534389,0.040764014093926354,0.021371551245758912,2.3574114672599302
losses_20260927T094851.473213Z,corrected_margin,corrected_margin,3,34,0.016043135879426112,2.2812359852175557,0.03644330289605404,0.018269910086547176,2.351992318707128
losses_20260927T094851.473213Z,corrected_margin,corrected_margin,3,35,0.015625775055659395,2.272547850685735,0.0366995450589926,0.017013443165436206,2.341886601140422
losses_20260927T094851.473213Z,corrected_margin,corrected_margin,3,36,0.01392618315519705,2.263018354292839,0.03192744581329246,0.014357484763980122,2.323229470560628
losses_20260927T094851.473213Z,corrected_margin,corrected_margin,3,37,0.017997428157081406,2.2879697103654184,0.03405021960591717,0.01722295087717113,2.3572402807974044
losses_20260927T094851.473213Z,corrected_margin,corrected_margin,3,38,0.01822997635275486,2.2703913834787186,0.036349530104592805,0.017051495843559444,2.3420223766757595
losses_20260927T094851.473213Z,corrected_margin,corrected_margin,3,39,0.014633560573847423,2.275969595678391,0.031037220363354972,0.014657201272447925,2.336297592809123
losses_20260927T094851.473213Z,corrected_margin,corrected_margin,3,40,0.022440895537710597,2.292345831471105,0.03922455549810923,0.019847766884859376,2.373859067117014
losses_20260927T094851.473213Z,current,current,1,1,0.5982432590694878,2.6455183817645698,0.002022083747982919,2.391863663365522,5.637647418525275
losses_20260927T094851.473213Z,current,current,1,2,0.3293147990553398,2.5503012326758676,0.0235678201273641,2.3546928758696306,5.257876722831425
losses_20260927T094851.473213Z,current,current,1,3,0.15492714571905888,2.477046390218059,0.051892415055726455,2.3171246934124805,5.000990638582725
losses_20260927T094851.473213Z,current,current,1,4,0.1096826428620834,2.4309121773937554,0.060473503522926894,2.298692248937652,4.899760580438328
losses_20260927T094851.473213Z,current,current,1,5,0.09982698246484667,2.4240289579226277,0.06835968716172722,2.296743445509062,4.888959066135677
losses_20260927T094851.473213Z,current,current,1,6,0.07134385088707988,2.4128984860547886,0.0659402863481852,2.2607040217542274,4.8108866383710245
losses_20260927T094851.473213Z,current,current,1,7,0.06160721876548501,2.391386430094561,0.07571450518224183,2.2627128015352986,4.791420966621459
losses_20260927T094851.473213Z,current,current,1,8,0.056252347070753106,2.4057351022254765,0.07274970790649962,2.214637348971029,4.749374502287136
losses_20260927T094851.473213Z,current,current,1,9,0.06051742733551527,2.3949617964076246,0.07422994196004286,2.223282762399809,4.752991916626457
losses_20260927T094851.473213Z,current,current,1,10,0.05090810494922747,2.417819353539174,0.06522567185947276,2.14775145617057,4.681704566234679
losses_20260927T094851.473213Z,current,current,1,11,0.06753677830070727,2.4242126434806766,0.07508792986316006,2.2024567061521876,4.769294025391106
losses_20260927T094851.473213Z,current,current,1,12,0.050075144316326446,2.415512103734054,0.06881738354371289,2.164905554666294,4.6993101600586895
losses_20260927T094851.473213Z,current,current,1,13,0.036074708318557795,2.377111538188664,0.07671821164333914,2.180832771804389,4.6707372289942946
losses_20260927T094851.473213Z,current,current,1,14,0.0360979203897433,2.375859483959168,0.07241692344518745,2.1790639537525927,4.663438267595186
losses_20260927T094851.473213Z,current,current,1,15,0.031156120799833865,2.3928351702652577,0.07158633262857678,2.1408709644332644,4.6364485823263335
losses_20260927T094851.473213Z,current,current,1,16,0.051025772782585285,2.4195038634022388,0.06211075942054039,2.0926883380244097,4.625328747306283
losses_20260927T094851.473213Z,current,current,1,17,0.04206331652464477,2.392676856574111,0.06641183744412003,2.1280971249257488,4.629249118444488
losses_20260927T094851.473213Z,current,current,1,18,0.03038179545157303,2.370621478463721,0.06027953005505828,2.076853936112772,4.538136748817023
losses_20260927T094851.473213Z,current,current,1,19,0.032800458477971355,2.3674374039717545,0.07033908334890689,2.118867060330909,4.589443995258001
losses_20260927T094851.473213Z,current,current,1,20,0.02963524785142128,2.35672181234585,0.06987808745970407,2.1476631042525525,4.603898236132044
losses_20260927T094851.473213Z,current,current,1,21,0.03358382545411587,2.397775375936914,0.0631221167625874,2.090208186877994,4.584689497009037
losses_20260927T094851.473213Z,current,current,1,22,0.025782966106308727,2.384582705385103,0.057834866258689735,2.042130821333157,4.510331350987352
losses_20260927T094851.473213Z,current,current,1,23,0.030847348852127088,2.3725826627626194,0.05567567840247877,2.038558133943813,4.497663850859394
losses_20260927T094851.473213Z,current,current,1,24,0.02253706073828452,2.3686594090123814,0.05223174098380438,1.9985896377112922,4.442017853729368
losses_20260927T094851.473213Z,current,current,1,25,0.03963277308915661,2.3804340982061674,0.061162198710394654,2.0663115349341563,4.547540610230814
losses_20260927T094851.473213Z,current,current,1,26,0.022857649570814972,2.357765518774198,0.053292292804094255,1.9867889346100214,4.420704383549728
losses_20260927T094851.473213Z,current,current,1,27,0.03777383571475979,2.3725868210079164,0.05781610196412314,2.044012020892046,4.512188766884991
losses_20260927T094851.473213Z,current,current,1,28,0.03179355295132992,2.376039737791527,0.05329435247025915,2.010822840562956,4.47195048595038
losses_20260927T094851.473213Z,current,current,1,29,0.01985393592163803,2.3571295569262167,0.04516217519536497,1.9554700973465686,4.377615782219594
losses_20260927T094851.473213Z,current,current,1,30,0.018526926909859374,2.3542643475720264,0.06240963855919641,2.071166184004836,4.506367118339839
losses_20260927T094851.473213Z,current,current,1,31,0.020157369948175595,2.349872106642235,0.045198976428900646,1.954359223523478,4.36958766546775
losses_20260927T094851.473213Z,current,current,1,32,0.027496468000788622,2.366121010517511,0.05256998698469105,2.002876973527623,4.449064451878465
losses_20260927T094851.473213Z,current,current,1,33,0.037019850220531225,2.3612840307040477,0.0555635745156791,2.0584266401651337,4.512294123491903
losses_20260927T094851.473213Z,current,current,1,34,0.018610029248520732,2.3603632224826363,0.04134900491743341,1.9192110037240457,4.339533248285609
losses_20260927T094851.473213Z,current,current,1,35,0.02855868009469054,2.372984709702139,0.05112251933337754,1.9979394514729658,4.4506053624190685
losses_20260927T094851.473213Z,current,current,1,36,0.017834304553258608,2.3394132580344134,0.04688807746292803,1.967333123439879,4.371468743001382
losses_20260927T094851.473213Z,current,current,1,37,0.018865256786610433,2.320929940291277,0.04827403518880945,1.9595689257298867,4.347638141451858
losses_20260927T094851.473213Z,current,current,1,38,0.017535961568575557,2.3464878393909125,0.049161112790296634,1.981862851953882,4.395047762262539
losses_20260927T094851.473213Z,current,current,1,39,0.036486291762910725,2.3629750886301357,0.048576011447103946,1.9565281041963833,4.404565465731884
losses_20260927T094851.473213Z,current,current,1,40,0.014426246564101986,2.33136248588562,0.05070382938261958,1.9722357941424753,4.3687283467120075
losses_20260927T094851.473213Z,current,current,2,1,0.5966177986362787,2.6322681359418736,0.002336579865265425,2.3615600931362843,5.5927825875169646
losses_20260927T094851.473213Z,current,current,2,2,0.2956952537138631,2.4979486146311123,0.024389861954566765,2.313257958945327,5.131291678571325
losses_20260927T094851.473213Z,current,current,2,3,0.1423414366569106,2.4638435446371245,0.04826346554566087,2.270577789291622,4.925026259084386
losses_20260927T094851.473213Z,current,current,2,4,0.10685913429016203,2.4456777065757693,0.05787412855979495,2.2444645682657796,4.854875508255846
losses_20260927T094851.473213Z,current,current,2,5,0.09010776353809308,2.448895882433794,0.06347474892895053,2.231474487800298,4.833952884974442
losses_20260927T094851.473213Z,current,current,2,6,0.06318727616719373,2.405373475683017,0.06804253713880468,2.2204081805672233,4.757011492421308
losses_20260927T094851.473213Z,current,current,2,7,0.06816166837325716,2.431532850415688,0.06836310359026034,2.173708997373506,4.741766602974239
losses_20260927T094851.473213Z,current,current,2,8,0.062025209698151416,2.4384032159339726,0.07050111747574149,2.151710968317948,4.7226405031099095
losses_20260927T094851.473213Z,current,current,2,9,0.04840705237960018,2.406301380142452,0.07112297057870805,2.1634432133727186,4.68927462645403
losses_20260927T094851.473213Z,current,current,2,10,0.05232714774365735,2.4048327160632517,0.07008601651768985,2.13719874761236,4.664444619276392
losses_20260927T094851.473213Z,current,current,2,11,0.05644990548520811,2.408589207281278,0.07189566284183442,2.1529867611532136,4.689921544292781
losses_20260927T094851.473213Z,current,current,2,12,0.026095111319047258,2.373943233114528,0.06464865915183945,2.0836650330250657,4.5483520537849484
losses_20260927T094851.473213Z,current,current,2,13,0.04501379954841311,2.403790511484221,0.07195065896518117,2.1272534929861235,4.648008440423199
losses_20260927T094851.473213Z,current,current,2,14,0.03732482709474568,2.380743588049581,0.07410028551184521,2.1337318016788154,4.625900486322839
losses_20260927T094851.473213Z,current,current,2,15,0.03250865956519063,2.3699582993514894,0.06607462876425015,2.076075186879616,4.5446168005935785
losses_20260927T094851.473213Z,current,current,2,16,0.0388939871753412,2.398590992754839,0.06985717747859128,2.107264873549694,4.614607018748607
losses_20260927T094851.473213Z,current,current,2,17,0.02614528607709084,2.362690987549429,0.06522784486237004,2.078636029573876,4.532700136890561
losses_20260927T094851.473213Z,current,current,2,18,0.025343726539441686,2.3690411293600486,0.05841085709279447,2.029149533256771,4.481945251855325
losses_20260927T094851.473213Z,current,current,2,19,0.031778912668622386,2.3748926534427435,0.0706174038643912,2.1082836351995393,4.585572606935276
losses_20260927T094851.473213Z,current,current,2,20,0.037907372115135896,2.3795655167947602,0.06301423789947991,2.094486855146453,4.574973954929142
losses_20260927T094851.473213Z,current,current,2,21,0.02813877518046794,2.3738301325970745,0.053464229915320405,2.0159190583416797,4.471352194237896
losses_20260927T094851.473213Z,current,current,2,22,0.0166182331264195,2.3367828703302096,0.05206803332896918,1.9868797063827515,4.392348845173993
losses_20260927T094851.473213Z,current,current,2,23,0.023409139350291312,2.3484980797204447,0.062419940094192196,2.0440372660404114,4.47836443382924
losses_20260927T094851.473213Z,current,current,2,24,0.02798057221404211,2.364512141295305,0.06204046726989464,2.0700024882639485,4.5245356522207185
losses_20260927T094851.473213Z,current,current,2,25,0.029026648748343386,2.380527462546281,0.06110095492322144,2.0660300067090613,4.536685072530911
losses_20260927T094851.473213Z,current,current,2,26,0.022216801219949806,2.370700143453643,0.05400019922975715,2.0188567441279495,4.465773879073736
losses_20260927T094851.473213Z,current,current,2,27,0.023023894375674134,2.3741900470313126,0.050685903669782276,1.9810064111168928,4.428906260512945
losses_20260927T094851.473213Z,current,current,2,28,0.017353814086092153,2.3592988017975816,0.0524627154649008,1.9800867508715532,4.409202065054826
losses_20260927T094851.473213Z,current,current,2,29,0.022049305978869126,2.35102557760524,0.06046283875746051,2.0526097590529075,4.4861474637910135
losses_20260927T094851.473213Z,current,current,2,30,0.01255598223922173,2.3397092068289207,0.0545882124629781,1.9916613702698955,4.398514758883499
losses_20260927T094851.473213Z,current,current,2,31,0.023148460680340217,2.357115550304022,0.05617388377450113,2.025442399377898,4.461880285908856
losses_20260927T094851.473213Z,current,current,2,32,0.017115103289866308,2.351119844932256,0.04810625687241554,1.9662130601762786,4.38255430018808
losses_20260927T094851.473213Z,current,current,2,33,0.015366320237957351,2.330552673715306,0.053415602234404856,1.9833603928408285,4.382695000941359
losses_20260927T094851.473213Z,current,current,2,34,0.019041729309984785,2.338336954905292,0.04782658115058668,1.985824449794499,4.391029752145602
losses_20260927T094851.473213Z,current,current,2,35,0.015216622690442862,2.3410044129439225,0.052801552525626155,1.9942957322428545,4.40331833944546
losses_20260927T094851.473213Z,current,current,2,36,0.014151501304316005,2.338485867958369,0.048098498178044645,1.9590136488591592,4.359749491759173
losses_20260927T094851.473213Z,current,current,2,37,0.01630644233508666,2.317526957181495,0.054331552589268195,1.9980855128896517,4.386250458364412
losses_20260927T094851.473213Z,current,current,2,38,0.017347356044196002,2.3400870345708893,0.04805710162842778,1.963316857345461,4.368808337083951
losses_20260927T094851.473213Z,current,current,2,39,0.012085756026648395,2.348338151541282,0.05180598139821544,1.9888574166560735,4.401087291597381
losses_20260927T094851.473213Z,current,current,2,40,0.013991847109988215,2.328659352355116,0.046681923109774044,1.9497259076186053,4.339059005572102
losses_20260927T094851.473213Z,current,current,3,1,0.5984257817749055,2.6774716665667873,0.0028190537956224062,2.3862171499959883,5.664933635342505
losses_20260927T094851.473213Z,current,current,3,2,0.3320216300987428,2.5686661754885027,0.022759453083703956,2.3520464858701153,5.275493729499079
losses_20260927T094851.473213Z,current,current,3,3,0.18791166717006313,2.5092834964875252,0.04799398445644446,2.3176366533002546,5.062825791297421
losses_20260927T094851.473213Z,current,current,3,4,0.12425332354201425,2.4491066105904116,0.06049517887614427,2.2961297765854867,4.929984865650054
losses_20260927T094851.473213Z,current,current,3,5,0.1037527460064138,2.452173444532579,0.06759495866454897,2.2685878238370343,4.892108986454625
losses_20260927T094851.473213Z,current,current,3,6,0.10291906414673693,2.4524738557877077,0.07006750003464761,2.249566416586599,4.875026829781071
losses_20260927T094851.473213Z,current,current,3,7,0.07720201127531548,2.440874086272332,0.07059470825498143,2.2241030066244063,4.812773835274481
losses_20260927T094851.473213Z,current,current,3,8,0.07488595770912305,2.4552956223487854,0.06570853856241991,2.168259311106897,4.764149462023089
losses_20260927T094851.473213Z,current,current,3,9,0.06765164003797597,2.425535450058599,0.07214697285164748,2.2137206888967946,4.779054745551078
losses_20260927T094851.473213Z,current,current,3,10,0.05912808428758815,2.4243757494034304,0.06888626158357627,2.1470120664565795,4.699402182332931
losses_20260927T094851.473213Z,current,current,3,11,0.051137091584443566,2.407342328179267,0.07282024420677655,2.1626421376582114,4.693941796979597
losses_20260927T094851.473213Z,current,current,3,12,0.047088529035869624,2.4148636844850357,0.06425684109900988,2.1109047618604477,4.637113817276493
losses_20260927T094851.473213Z,current,current,3,13,0.0521542230065191,2.4044329927813624,0.059763548880695336,2.087761197359331,4.604111956011865
losses_20260927T094851.473213Z,current,current,3,14,0.03645006323143119,2.421716515095003,0.06295328277103122,2.087781859021033,4.6089017160477175
losses_20260927T094851.473213Z,current,current,3,15,0.058906439902080644,2.4230592981461556,0.0576642062815447,2.0606371471958775,4.600267091105061
losses_20260927T094851.473213Z,current,current,3,16,0.035039930559334256,2.3848994489639037,0.06085109577003506,2.0902568707543034,4.5710473598972445
losses_20260927T094851.473213Z,current,current,3,17,0.04185904194075134,2.3841588862480654,0.06521854708872495,2.11826834371013,4.609504822761782
losses_20260927T094851.473213Z,current,current,3,18,0.027657876947834607,2.395588961339766,0.059337004320695996,2.061048557681422,4.543632376578547
losses_20260927T094851.473213Z,current,current,3,19,0.027745283595586735,2.370458014549748,0.05342955292472916,2.017254832290834,4.468887698265814
losses_20260927T094851.473213Z,current,current,3,20,0.04261234647128731,2.3910080309837096,0.05929657644141586,2.0807103033988708,4.573627233505249
losses_20260927T094851.473213Z,current,current,3,21,0.02907597577394617,2.354863464832306,0.060636270355673566,2.0624992837828975,4.507075009807464
losses_20260927T094851.473213Z,current,current,3,22,0.037633865673635754,2.364256485815971,0.05518493155438092,2.022622323805286,4.479697588951357
losses_20260927T094851.473213Z,current,current,3,23,0.021578470616781663,2.3315185596865993,0.052861179352828094,2.0291086041158244,4.435066811500057
losses_20260927T094851.473213Z,current,current,3,24,0.029729197447698925,2.3610262111310036,0.05012578259676605,1.998909572439809,4.43979077185354
losses_20260927T094851.473213Z,current,current,3,25,0.026724422575845834,2.3558563705413573,0.05703138208557521,2.0525609466337387,4.492173148739722
losses_20260927T094851.473213Z,current,current,3,26,0.018482040949991993,2.3367941860229737,0.05135727784926853,1.9806933672197404,4.387326853890573
losses_20260927T094851.473213Z,current,current,3,27,0.038139829515374354,2.395516264823175,0.054657368425039515,2.045013019154149,4.533326516228337
losses_20260927T094851.473213Z,current,current,3,28,0.0160431650039109,2.3486083149909973,0.048261356277150974,1.9659037993800255,4.378816641146137
losses_20260927T094851.473213Z,current,current,3,29,0.02491958629369976,2.349242264224637,0.045235967165940714,1.9554612607725206,4.374859102310673
losses_20260927T094851.473213Z,current,current,3,30,0.023608359329838065,2.333561610790991,0.06516379031686924,2.0639714069904818,4.486305157984456
losses_20260927T094851.473213Z,current,current,3,31,0.02242737165802429,2.364847073631902,0.04777955718811661,1.963489027753953,4.398543021371288
losses_20260927T094851.473213Z,current,current,3,32,0.017334051007750415,2.335211726926988,0.047115828470146705,1.961262414532323,4.360924026658458
losses_20260927T094851.473213Z,current,current,3,33,0.03582428405512004,2.349285812147202,0.049405133133874304,1.9973146502048738,4.431829879360814
losses_20260927T094851.473213Z,current,current,3,34,0.0312559129407389,2.3594715076108135,0.04454984864212513,1.9579654557089652,4.39324269563921
losses_20260927T094851.473213Z,current,current,3,35,0.01581793451576584,2.3177448491896353,0.050907323809130295,2.0002684352859372,4.384738506809358
losses_20260927T094851.473213Z,current,current,3,36,0.020801808057923712,2.326318786990258,0.039626466646422484,1.9274332561800558,4.31418030108175
losses_20260927T094851.473213Z,current,current,3,37,0.018058831166971715,2.339508048949703,0.038403943888918164,1.9078732661662563,4.303844094276428
losses_20260927T094851.473213Z,current,current,3,38,0.015934828835945096,2.3232088185125783,0.043832322868007804,1.9347191318388908,4.317695115843127
losses_20260927T094851.473213Z,current,current,3,39,0.023730930947368185,2.364765194154555,0.04038937075951723,1.9381357431411743,4.36702121650019
losses_20260927T094851.473213Z,current,current,3,40,0.017522073127404458,2.3488072464543004,0.03952144497194358,1.91941203128907,4.325262771498773
losses_20260927T094851.473213Z,moderate_full,moderate_full,1,1,0.579834679918965,0.6651041582813413,0.003121292074235577,0.029594057232258827,1.277654182723188
losses_20260927T094851.473213Z,moderate_full,moderate_full,1,2,0.2975918985023273,0.6461100240392009,0.02740526446471299,0.024757061527645962,0.9958642509978587
losses_20260927T094851.473213Z,moderate_full,moderate_full,1,3,0.1488943545837102,0.6216184858262069,0.049047410884124086,0.02096541251576557,0.8405256660904471
losses_20260927T094851.473213Z,moderate_full,moderate_full,1,4,0.10647427560541574,0.6063643689230671,0.05233720630612664,0.018767167117417327,0.7839430199833367
losses_20260927T094851.473213Z,moderate_full,moderate_full,1,5,0.10551845717911176,0.6067830479051185,0.06125706242118764,0.02085495586910351,0.7944135243498435
losses_20260927T094851.473213Z,moderate_full,moderate_full,1,6,0.06743257769977483,0.5971869014379546,0.05601743664445839,0.01613951201264666,0.736776431245128
losses_20260927T094851.473213Z,moderate_full,moderate_full,1,7,0.07059528140395176,0.5973523597078999,0.06579549582748431,0.017106398082096276,0.7508495337381138
losses_20260927T094851.473213Z,moderate_full,moderate_full,1,8,0.05481943719851689,0.5925392222216749,0.060678362773042026,0.015358546000766003,0.7233955672406774
losses_20260927T094851.473213Z,moderate_full,moderate_full,1,9,0.05682861942093907,0.5896073180859484,0.06350835946601206,0.015215200977033282,0.7251594981809301
losses_20260927T094851.473213Z,moderate_full,moderate_full,1,10,0.04537089289290699,0.5879753522985564,0.056004846439234854,0.013760628543544824,0.7031117170814454
losses_20260927T094851.473213Z,moderate_full,moderate_full,1,11,0.055720029486797926,0.5931863643991666,0.06381215312056185,0.014586457128335876,0.7273050072624927
losses_20260927T094851.473213Z,moderate_full,moderate_full,1,12,0.04450428638401933,0.5871147536855983,0.06137701600614026,0.013691085553911376,0.7066871429991535
losses_20260927T094851.473213Z,moderate_full,moderate_full,1,13,0.03618788423647327,0.5847178650653269,0.06001536796001468,0.012907723892538801,0.6938288418326791
losses_20260927T094851.473213Z,moderate_full,moderate_full,1,14,0.035360906647122284,0.5850413549603439,0.06546206392465144,0.012553983989472347,0.6984183098387531
losses_20260927T094851.473213Z,moderate_full,moderate_full,1,15,0.03389737683561022,0.5852491142242913,0.0555833026649445,0.01174606617327457,0.686475857974976
losses_20260927T094851.473213Z,moderate_full,moderate_full,1,16,0.03433798671164733,0.5847492293110044,0.05141422690779675,0.010347599411148607,0.6808490401177895
losses_20260927T094851.473213Z,moderate_full,moderate_full,1,17,0.03157663802198303,0.5824626853146891,0.05595211225642464,0.010919984697738267,0.6809114203678341
losses_20260927T094851.473213Z,moderate_full,moderate_full,1,18,0.033007382917562576,0.5797681897643983,0.057003975838540104,0.011631342166242755,0.681410890864575
losses_20260927T094851.473213Z,moderate_full,moderate_full,1,19,0.021425353678486008,0.5749188253260035,0.053657610512037913,0.009265787029129226,0.6592675794766644
losses_20260927T094851.473213Z,moderate_full,moderate_full,1,20,0.02972068691142197,0.5798625162267309,0.05451552751730746,0.010160426265472092,0.6742591515300781
losses_20260927T094851.473213Z,moderate_full,moderate_full,1,21,0.026248517611218016,0.5794117952894977,0.050057995639096096,0.008612865975812282,0.6643311691096448
losses_20260927T094851.473213Z,moderate_full,moderate_full,1,22,0.02300626988060714,0.5795633764717523,0.04864492211637535,0.008817636102665304,0.6600322024090084
losses_20260927T094851.473213Z,moderate_full,moderate_full,1,23,0.026789820434041614,0.5807735807313694,0.04911507535579167,0.008730059369525865,0.6654085324505182
losses_20260927T094851.473213Z,moderate_full,moderate_full,1,24,0.020087506922739227,0.5768701457601833,0.048329754087223314,0.008065973435332411,0.6533533799366689
losses_20260927T094851.473213Z,moderate_full,moderate_full,1,25,0.02850738703456568,0.5743882130450151,0.050262051913153936,0.009269924057046259,0.6624275779160927
losses_20260927T094851.473213Z,moderate_full,moderate_full,1,26,0.018835541621715888,0.5776567224442489,0.04662368646419541,0.007772273996017147,0.6508882195930782
losses_20260927T094851.473213Z,moderate_full,moderate_full,1,27,0.033119261655296516,0.5787897156918143,0.04583746587168279,0.008605858516846381,0.6663522969080707
losses_20260927T094851.473213Z,moderate_full,moderate_full,1,28,0.020392122051465934,0.5775965569526191,0.04557131670826063,0.008484318573761173,0.6520443187923882
losses_20260927T094851.473213Z,moderate_full,moderate_full,1,29,0.022608822662617982,0.576066813600345,0.04070309163474544,0.007439503235669748,0.6468182323485847
losses_20260927T094851.473213Z,moderate_full,moderate_full,1,30,0.019129995284162052,0.5752533453655994,0.04334179223441761,0.0075422046627248015,0.6452673392033014
losses_20260927T094851.473213Z,moderate_full,moderate_full,1,31,0.016659137039394006,0.57461463466404,0.03549624984995939,0.006106827667947331,0.6328768467339944
losses_20260927T094851.473213Z,moderate_full,moderate_full,1,32,0.015803153811785296,0.5709192443081713,0.03721016997427452,0.006096527329875215,0.630029096847444
losses_20260927T094851.473213Z,moderate_full,moderate_full,1,33,0.012784993657328951,0.5711582917866744,0.03722382697834098,0.00632644328747062,0.6274935556208994
losses_20260927T094851.473213Z,moderate_full,moderate_full,1,34,0.01241122745710799,0.573737557948105,0.03471595059170967,0.005559064229486481,0.6264237916375709
losses_20260927T094851.473213Z,moderate_full,moderate_full,1,35,0.01607335371874625,0.5735235768040334,0.0375021291368707,0.006767412424857516,0.6338664701604467
losses_20260927T094851.473213Z,moderate_full,moderate_full,1,36,0.012710370045470617,0.5704573388174763,0.03470868950225706,0.006239025846241027,0.6241154262400049
losses_20260927T094851.473213Z,moderate_full,moderate_full,1,37,0.01189042194783101,0.5687855580660302,0.03057370077466636,0.005249197305616461,0.6164988725204167
losses_20260927T094851.473213Z,moderate_full,moderate_full,1,38,0.02384179010235624,0.5751754730705201,0.036299468549775095,0.007153286177419331,0.6424700214168219
losses_20260927T094851.473213Z,moderate_full,moderate_full,1,39,0.02244732332393879,0.5753545211994742,0.04175499398774636,0.007702333895731571,0.6472591743694516
losses_20260927T094851.473213Z,moderate_full,moderate_full,1,40,0.013287107238370016,0.5715303477339857,0.03600338070770711,0.006295215055909316,0.6271160451445993
losses_20260927T094851.473213Z,moderate_full,moderate_full,2,1,0.5820599179568253,0.6620373176777457,0.0032011280058013222,0.024214467855067704,1.271512826596658
losses_20260927T094851.473213Z,moderate_full,moderate_full,2,2,0.2597109268265446,0.6313649599007735,0.028475673854585708,0.018083283956360628,0.937634846826238
losses_20260927T094851.473213Z,moderate_full,moderate_full,2,3,0.1247302834971214,0.6143085003837826,0.04900475933150513,0.015282263029660062,0.8033258084237106
losses_20260927T094851.473213Z,moderate_full,moderate_full,2,4,0.10632852855043148,0.6092452172219284,0.052005406205109725,0.01493356450952179,0.7825127140743526
losses_20260927T094851.473213Z,moderate_full,moderate_full,2,5,0.08389161987684843,0.6061865926727535,0.055157160731105825,0.013649038449809777,0.758884411627852
losses_20260927T094851.473213Z,moderate_full,moderate_full,2,6,0.06442770413966395,0.5959068259854955,0.05563060135587933,0.012477178364904144,0.728442307532303
losses_20260927T094851.473213Z,moderate_full,moderate_full,2,7,0.05238904710125735,0.5929618984695495,0.053138066611186724,0.010431173477527193,0.7089201873681676
losses_20260927T094851.473213Z,moderate_full,moderate_full,2,8,0.05729936365419486,0.5952606374823203,0.05884193799157781,0.011305291295476904,0.7227072335603669
losses_20260927T094851.473213Z,moderate_full,moderate_full,2,9,0.056763787181886634,0.5951667780012596,0.05488944740041973,0.011329951455933959,0.7181499666116369
losses_20260927T094851.473213Z,moderate_full,moderate_full,2,10,0.04298192309582327,0.5875617157755875,0.054499608779868744,0.009483233889872869,0.6945264808774934
losses_20260927T094851.473213Z,moderate_full,moderate_full,2,11,0.038093232410395236,0.5856708841999685,0.05864272453624198,0.010067100717326787,0.6924739419005987
losses_20260927T094851.473213Z,moderate_full,moderate_full,2,12,0.04073152660326226,0.5885566346288666,0.05306901743151541,0.009546658043441634,0.6919038366145036
losses_20260927T094851.473213Z,moderate_full,moderate_full,2,13,0.03567238278525669,0.5830521273800707,0.0524048515133501,0.009275974093489056,0.680405335163507
losses_20260927T094851.473213Z,moderate_full,moderate_full,2,14,0.02774473563511306,0.5805137166826744,0.053787932261883276,0.00859629343580395,0.6706426819478433
losses_20260927T094851.473213Z,moderate_full,moderate_full,2,15,0.031301768144636644,0.5806429090462332,0.04898996548507157,0.008098491981321227,0.6690331345468056
losses_20260927T094851.473213Z,moderate_full,moderate_full,2,16,0.03296885519530478,0.5829133067544051,0.05350315276034704,0.009210260385119422,0.6785955748220128
losses_20260927T094851.473213Z,moderate_full,moderate_full,2,17,0.021035938362378305,0.5783152007681178,0.05131792576294246,0.00798571873346241,0.6586547836544007
losses_20260927T094851.473213Z,moderate_full,moderate_full,2,18,0.0212764129973948,0.5762173716477522,0.046745493568069355,0.007418473212664404,0.6516577512260497
losses_20260927T094851.473213Z,moderate_full,moderate_full,2,19,0.022127615768227755,0.5789430418352443,0.05079435488194462,0.008167598787951834,0.6600326121322752
losses_20260927T094851.473213Z,moderate_full,moderate_full,2,20,0.022045334863410457,0.5759837383360374,0.04293786184715591,0.007105694428270987,0.6480726355642784
losses_20260927T094851.473213Z,moderate_full,moderate_full,2,21,0.03111903300127528,0.5835301326954458,0.044516846368925306,0.007325751094631557,0.6664917652062544
losses_20260927T094851.473213Z,moderate_full,moderate_full,2,22,0.018764808627329474,0.5767647624015808,0.045684527312442075,0.007107983478051647,0.6483220819413192
losses_20260927T094851.473213Z,moderate_full,moderate_full,2,23,0.018307551147606897,0.5748318644959157,0.0425376309169911,0.0065457802480007625,0.6422228226511497
losses_20260927T094851.473213Z,moderate_full,moderate_full,2,24,0.016705091500024156,0.5744990044691431,0.043864855843442165,0.006820887598066085,0.641889841537776
losses_20260927T094851.473213Z,moderate_full,moderate_full,2,25,0.01454806917229682,0.5777130014314427,0.04015194327299168,0.006423133128417993,0.6388361472783126
losses_20260927T094851.473213Z,moderate_full,moderate_full,2,26,0.02140494522374622,0.5782594023727057,0.041635583044858426,0.006622378166422833,0.6479223027942688
losses_20260927T094851.473213Z,moderate_full,moderate_full,2,27,0.01428755011050192,0.57927672365519,0.04050678222286185,0.0059988082791715275,0.6400698681515972
losses_20260927T094851.473213Z,moderate_full,moderate_full,2,28,0.012948876318309134,0.5737477972751527,0.036971177546468774,0.0060034401298625605,0.6296712892262015
losses_20260927T094851.473213Z,moderate_full,moderate_full,2,29,0.023914509033050944,0.5783381114794514,0.040342132586575166,0.006181487922903194,0.6487762477454238
losses_20260927T094851.473213Z,moderate_full,moderate_full,2,30,0.026598209861709965,0.5784874159520067,0.05124103042524396,0.01043852146780925,0.6667651735891508
losses_20260927T094851.473213Z,moderate_full,moderate_full,2,31,0.015337688346048744,0.5747638452710129,0.03818206915514558,0.006269439806479696,0.634553037759826
losses_20260927T094851.473213Z,moderate_full,moderate_full,2,32,0.01734490847805383,0.5767514236330047,0.03974046557775046,0.006446865824964191,0.6402836629724878
losses_20260927T094851.473213Z,moderate_full,moderate_full,2,33,0.01218547848214608,0.5710979850273433,0.03817301331909271,0.00616613057245845,0.6276226090633963
losses_20260927T094851.473213Z,moderate_full,moderate_full,2,34,0.015133186957549567,0.5681647423684127,0.04063871939204575,0.006072855838569886,0.6300095038151178
losses_20260927T094851.473213Z,moderate_full,moderate_full,2,35,0.013070247514635383,0.5716071832837082,0.036178884019444545,0.005510595133395199,0.6263669062787154
losses_20260927T094851.473213Z,moderate_full,moderate_full,2,36,0.009817179225524521,0.5717842902724198,0.03366336695241236,0.005042663879596764,0.6203074985601771
losses_20260927T094851.473213Z,moderate_full,moderate_full,2,37,0.010807255216082192,0.5685092586231982,0.034650212777118515,0.005685442915819294,0.6196521652026439
losses_20260927T094851.473213Z,moderate_full,moderate_full,2,38,0.009691054214114748,0.5693434312587647,0.028661908037359202,0.004619118847908186,0.6123155130176093
losses_20260927T094851.473213Z,moderate_full,moderate_full,2,39,0.011835661109016226,0.5711694871346782,0.031744729250845476,0.00541439622308714,0.6201642761080284
losses_20260927T094851.473213Z,moderate_full,moderate_full,2,40,0.010291950715757085,0.5718749756888142,0.03263285862993243,0.005124454317783101,0.6199242435102388
losses_20260927T094851.473213Z,moderate_full,moderate_full,3,1,0.5769284456487624,0.6731848029359695,0.004195224464755513,0.02916984830892855,1.2834783225290236
losses_20260927T094851.473213Z,moderate_full,moderate_full,3,2,0.2962083194044329,0.6512461251789524,0.028933367729487437,0.023925811164982377,1.000313624739647
losses_20260927T094851.473213Z,moderate_full,moderate_full,3,3,0.17637069439215045,0.6308357725220342,0.05044820647115909,0.021823826538879546,0.8794784940058186
losses_20260927T094851.473213Z,moderate_full,moderate_full,3,4,0.11982593276808338,0.6113648371350381,0.052170005311528524,0.019713559488375342,0.8030743377823983
losses_20260927T094851.473213Z,moderate_full,moderate_full,3,5,0.09836417047547237,0.6076797540149381,0.05610427391084452,0.017083130498987534,0.7792313310407823
losses_20260927T094851.473213Z,moderate_full,moderate_full,3,6,0.08955427796970453,0.6051293645174273,0.05901506972018509,0.016190806707938113,0.7698895195799489
losses_20260927T094851.473213Z,moderate_full,moderate_full,3,7,0.07603810557104167,0.601312072527024,0.05834343449603165,0.01527716871726537,0.7509707813301394
losses_20260927T094851.473213Z,moderate_full,moderate_full,3,8,0.076321646871586,0.6021967366818459,0.05403040291651363,0.015121935966289453,0.7476707172970618
losses_20260927T094851.473213Z,moderate_full,moderate_full,3,9,0.051231930422927105,0.593299965704641,0.06190281828504897,0.013259639779496337,0.7196943509963251
losses_20260927T094851.473213Z,moderate_full,moderate_full,3,10,0.06826547669967817,0.5959468060924161,0.05832930320062705,0.013354118673070785,0.7358957005123938
losses_20260927T094851.473213Z,moderate_full,moderate_full,3,11,0.05852937822290245,0.5947493593538961,0.05743645870637509,0.012030577146252918,0.7227457752150874
losses_20260927T094851.473213Z,moderate_full,moderate_full,3,12,0.04992819122309165,0.5927372228714728,0.05579807260824788,0.011448899720562622,0.7099123875940999
losses_20260927T094851.473213Z,moderate_full,moderate_full,3,13,0.03937132474065067,0.5838160918604943,0.05388925413811399,0.010423788759526946,0.6875004566484882
losses_20260927T094851.473213Z,moderate_full,moderate_full,3,14,0.02736220300768412,0.5856670025856264,0.053803790270561175,0.009874846701765614,0.6767078416962777
losses_20260927T094851.473213Z,moderate_full,moderate_full,3,15,0.044915282340239615,0.5858508199453354,0.053080643331932444,0.010331762876669546,0.6941785048092565
losses_20260927T094851.473213Z,moderate_full,moderate_full,3,16,0.03054916557495392,0.580662249076751,0.05191324655747702,0.009110622791453235,0.6722352812367101
losses_20260927T094851.473213Z,moderate_full,moderate_full,3,17,0.037263161322522546,0.5830280045347829,0.05106818353787305,0.009714906751703951,0.6810742539744223
losses_20260927T094851.473213Z,moderate_full,moderate_full,3,18,0.03254900144736072,0.5838469588948835,0.04834830181883468,0.008553391145523488,0.6732976503910557
losses_20260927T094851.473213Z,moderate_full,moderate_full,3,19,0.02285979531945721,0.575017596444776,0.04787166462460112,0.008407185953523542,0.654156242166796
losses_20260927T094851.473213Z,moderate_full,moderate_full,3,20,0.05197456895163463,0.5873745535650561,0.0512543709182571,0.011017007220934535,0.7016204970498239
losses_20260927T094851.473213Z,moderate_full,moderate_full,3,21,0.021699920852458286,0.5764223827469733,0.04486461169266653,0.007981990586080017,0.6509689039761021
losses_20260927T094851.473213Z,moderate_full,moderate_full,3,22,0.02139985233530282,0.5737709576083768,0.04230932402424514,0.00749174753840517,0.6449718835853762
losses_20260927T094851.473213Z,moderate_full,moderate_full,3,23,0.030799454896740856,0.5782976732138665,0.04609583097419912,0.008360537991393358,0.6635534945995577
losses_20260927T094851.473213Z,moderate_full,moderate_full,3,24,0.022886948429063084,0.5748905796677836,0.04187789287478212,0.007328942861227739,0.6469843623138243
losses_20260927T094851.473213Z,moderate_full,moderate_full,3,25,0.025013874679233036,0.5767733928176665,0.043566843641230896,0.007291848460989704,0.6526459590081246
losses_20260927T094851.473213Z,moderate_full,moderate_full,3,26,0.01780381086169772,0.5715815559510262,0.039676586087162215,0.006733947753497388,0.6357958960917688
losses_20260927T094851.473213Z,moderate_full,moderate_full,3,27,0.016938790761595292,0.5734599338423821,0.03627252049233404,0.0061431770937492875,0.6328144203270635
losses_20260927T094851.473213Z,moderate_full,moderate_full,3,28,0.018087859571565904,0.5726354468253351,0.03826010473928745,0.006754397356886447,0.6357378080006568
losses_20260927T094851.473213Z,moderate_full,moderate_full,3,29,0.015705966790612307,0.5727124089194883,0.03433781076643255,0.005601926875486595,0.6283581107854843
losses_20260927T094851.473213Z,moderate_full,moderate_full,3,30,0.058196197008533825,0.5874224665664858,0.05857903415322183,0.012574692070390279,0.716772386623967
losses_20260927T094851.473213Z,moderate_full,moderate_full,3,31,0.02981278537434616,0.5807283962926557,0.04930199856960004,0.011032603447318016,0.6708757853315722
losses_20260927T094851.473213Z,moderate_full,moderate_full,3,32,0.02454466864113666,0.5759601948722717,0.03887090088063551,0.007548464305199881,0.6469242298795331
losses_20260927T094851.473213Z,moderate_full,moderate_full,3,33,0.017846541375958272,0.5677770179125571,0.033290314506889594,0.005854749388339358,0.6247686229405864
losses_20260927T094851.473213Z,moderate_full,moderate_full,3,34,0.014130831271740458,0.5717970478919244,0.03218658981213887,0.0055049633894316595,0.6236194314495209
losses_20260927T094851.473213Z,moderate_full,moderate_full,3,35,0.014334584192012346,0.5691183560317562,0.03254502820557043,0.005482102021849114,0.6214800674107767
losses_20260927T094851.473213Z,moderate_full,moderate_full,3,36,0.01350996438826945,0.5672769089860301,0.028776800015851135,0.005196798291205684,0.6147604719285042
losses_20260927T094851.473213Z,moderate_full,moderate_full,3,37,0.03437825657930525,0.5808042364735757,0.036675112596112155,0.006614077633956538,0.6584716785338617
losses_20260927T094851.473213Z,moderate_full,moderate_full,3,38,0.02199235105241138,0.5715797067649903,0.035262989165681984,0.006979752605524658,0.6358147998971324
losses_20260927T094851.473213Z,moderate_full,moderate_full,3,39,0.01360803535546086,0.5702002553209182,0.025765278074334586,0.004693410920055847,0.6142669752720864
losses_20260927T094851.473213Z,moderate_full,moderate_full,3,40,0.014441548027999459,0.5703902922330364,0.02697412521698542,0.005285964423819678,0.6170919306816594
losses_20260927T094851.473213Z,three_class_ce,three_class_ce,1,1,0.9297646316956347,0.0,0.0,0.0,0.9297646316956347
losses_20260927T094851.473213Z,three_class_ce,three_class_ce,1,2,0.6325391988585315,0.0,0.0,0.0,0.6325391988585315
losses_20260927T094851.473213Z,three_class_ce,three_class_ce,1,3,0.49515954058940015,0.0,0.0,0.0,0.49515954058940015
losses_20260927T094851.473213Z,three_class_ce,three_class_ce,1,4,0.414084393912413,0.0,0.0,0.0,0.414084393912413
losses_20260927T094851.473213Z,three_class_ce,three_class_ce,1,5,0.3862909723923901,0.0,0.0,0.0,0.3862909723923901
losses_20260927T094851.473213Z,three_class_ce,three_class_ce,1,6,0.33959224057479165,0.0,0.0,0.0,0.33959224057479165
losses_20260927T094851.473213Z,three_class_ce,three_class_ce,1,7,0.334063783581332,0.0,0.0,0.0,0.334063783581332
losses_20260927T094851.473213Z,three_class_ce,three_class_ce,1,8,0.2990649787811782,0.0,0.0,0.0,0.2990649787811782
losses_20260927T094851.473213Z,three_class_ce,three_class_ce,1,9,0.27890376206927414,0.0,0.0,0.0,0.27890376206927414
losses_20260927T094851.473213Z,three_class_ce,three_class_ce,1,10,0.26460543163414074,0.0,0.0,0.0,0.26460543163414074
losses_20260927T094851.473213Z,three_class_ce,three_class_ce,1,11,0.265656420389029,0.0,0.0,0.0,0.265656420389029
losses_20260927T094851.473213Z,three_class_ce,three_class_ce,1,12,0.24073783349333785,0.0,0.0,0.0,0.24073783349333785
losses_20260927T094851.473213Z,three_class_ce,three_class_ce,1,13,0.24792038793052276,0.0,0.0,0.0,0.24792038793052276
losses_20260927T094851.473213Z,three_class_ce,three_class_ce,1,14,0.21829893225877303,0.0,0.0,0.0,0.21829893225877303
losses_20260927T094851.473213Z,three_class_ce,three_class_ce,1,15,0.22282275721782774,0.0,0.0,0.0,0.22282275721782774
losses_20260927T094851.473213Z,three_class_ce,three_class_ce,1,16,0.22008892547661865,0.0,0.0,0.0,0.22008892547661865
losses_20260927T094851.473213Z,three_class_ce,three_class_ce,1,17,0.22130122094407795,0.0,0.0,0.0,0.22130122094407795
losses_20260927T094851.473213Z,three_class_ce,three_class_ce,1,18,0.18989485310111928,0.0,0.0,0.0,0.18989485310111928
losses_20260927T094851.473213Z,three_class_ce,three_class_ce,1,19,0.21896003884827997,0.0,0.0,0.0,0.21896003884827997
losses_20260927T094851.473213Z,three_class_ce,three_class_ce,1,20,0.18698050468925417,0.0,0.0,0.0,0.18698050468925417
losses_20260927T094851.473213Z,three_class_ce,three_class_ce,1,21,0.17351373572518505,0.0,0.0,0.0,0.17351373572518505
losses_20260927T094851.473213Z,three_class_ce,three_class_ce,1,22,0.17747823638826843,0.0,0.0,0.0,0.17747823638826843
losses_20260927T094851.473213Z,three_class_ce,three_class_ce,1,23,0.18696197846860396,0.0,0.0,0.0,0.18696197846860396
losses_20260927T094851.473213Z,three_class_ce,three_class_ce,1,24,0.14537424910960234,0.0,0.0,0.0,0.14537424910960234
losses_20260927T094851.473213Z,three_class_ce,three_class_ce,1,25,0.17574059496831707,0.0,0.0,0.0,0.17574059496831707
losses_20260927T094851.473213Z,three_class_ce,three_class_ce,1,26,0.13953648051467,0.0,0.0,0.0,0.13953648051467
losses_20260927T094851.473213Z,three_class_ce,three_class_ce,1,27,0.15040625499077434,0.0,0.0,0.0,0.15040625499077434
losses_20260927T094851.473213Z,three_class_ce,three_class_ce,1,28,0.1345684749888271,0.0,0.0,0.0,0.1345684749888271
losses_20260927T094851.473213Z,three_class_ce,three_class_ce,1,29,0.125602595992093,0.0,0.0,0.0,0.125602595992093
losses_20260927T094851.473213Z,three_class_ce,three_class_ce,1,30,0.12656331475912116,0.0,0.0,0.0,0.12656331475912116
losses_20260927T094851.473213Z,three_class_ce,three_class_ce,1,31,0.12084817457357495,0.0,0.0,0.0,0.12084817457357495
losses_20260927T094851.473213Z,three_class_ce,three_class_ce,1,32,0.13651439001211735,0.0,0.0,0.0,0.13651439001211735
losses_20260927T094851.473213Z,three_class_ce,three_class_ce,1,33,0.11333893641360163,0.0,0.0,0.0,0.11333893641360163
losses_20260927T094851.473213Z,three_class_ce,three_class_ce,1,34,0.10151434157366358,0.0,0.0,0.0,0.10151434157366358
losses_20260927T094851.473213Z,three_class_ce,three_class_ce,1,35,0.12221149902233458,0.0,0.0,0.0,0.12221149902233458
losses_20260927T094851.473213Z,three_class_ce,three_class_ce,1,36,0.11508897007039683,0.0,0.0,0.0,0.11508897007039683
losses_20260927T094851.473213Z,three_class_ce,three_class_ce,1,37,0.0963571636504897,0.0,0.0,0.0,0.0963571636504897
losses_20260927T094851.473213Z,three_class_ce,three_class_ce,1,38,0.08968519600562927,0.0,0.0,0.0,0.08968519600562927
losses_20260927T094851.473213Z,three_class_ce,three_class_ce,1,39,0.10229341019179643,0.0,0.0,0.0,0.10229341019179643
losses_20260927T094851.473213Z,three_class_ce,three_class_ce,1,40,0.08900052935295687,0.0,0.0,0.0,0.08900052935295687
losses_20260927T094851.473213Z,three_class_ce,three_class_ce,2,1,0.9286547683355376,0.0,0.0,0.0,0.9286547683355376
losses_20260927T094851.473213Z,three_class_ce,three_class_ce,2,2,0.574571330012299,0.0,0.0,0.0,0.574571330012299
losses_20260927T094851.473213Z,three_class_ce,three_class_ce,2,3,0.40813830717811433,0.0,0.0,0.0,0.40813830717811433
losses_20260927T094851.473213Z,three_class_ce,three_class_ce,2,4,0.3836267406311561,0.0,0.0,0.0,0.3836267406311561
losses_20260927T094851.473213Z,three_class_ce,three_class_ce,2,5,0.3484964885814922,0.0,0.0,0.0,0.3484964885814922
losses_20260927T094851.473213Z,three_class_ce,three_class_ce,2,6,0.3200423656486151,0.0,0.0,0.0,0.3200423656486151
losses_20260927T094851.473213Z,three_class_ce,three_class_ce,2,7,0.2767904254160528,0.0,0.0,0.0,0.2767904254160528
losses_20260927T094851.473213Z,three_class_ce,three_class_ce,2,8,0.28359019099258065,0.0,0.0,0.0,0.28359019099258065
losses_20260927T094851.473213Z,three_class_ce,three_class_ce,2,9,0.2631287802392104,0.0,0.0,0.0,0.2631287802392104
losses_20260927T094851.473213Z,three_class_ce,three_class_ce,2,10,0.2433861435985002,0.0,0.0,0.0,0.2433861435985002
losses_20260927T094851.473213Z,three_class_ce,three_class_ce,2,11,0.2454187066888246,0.0,0.0,0.0,0.2454187066888246
losses_20260927T094851.473213Z,three_class_ce,three_class_ce,2,12,0.21654906041744187,0.0,0.0,0.0,0.21654906041744187
losses_20260927T094851.473213Z,three_class_ce,three_class_ce,2,13,0.2274537847971353,0.0,0.0,0.0,0.2274537847971353
losses_20260927T094851.473213Z,three_class_ce,three_class_ce,2,14,0.19674216730036134,0.0,0.0,0.0,0.19674216730036134
losses_20260927T094851.473213Z,three_class_ce,three_class_ce,2,15,0.20985120490897358,0.0,0.0,0.0,0.20985120490897358
losses_20260927T094851.473213Z,three_class_ce,three_class_ce,2,16,0.20217427347354064,0.0,0.0,0.0,0.20217427347354064
losses_20260927T094851.473213Z,three_class_ce,three_class_ce,2,17,0.17104900886458674,0.0,0.0,0.0,0.17104900886458674
losses_20260927T094851.473213Z,three_class_ce,three_class_ce,2,18,0.159909910984396,0.0,0.0,0.0,0.159909910984396
losses_20260927T094851.473213Z,three_class_ce,three_class_ce,2,19,0.16630470969780223,0.0,0.0,0.0,0.16630470969780223
losses_20260927T094851.473213Z,three_class_ce,three_class_ce,2,20,0.15299821458756924,0.0,0.0,0.0,0.15299821458756924
losses_20260927T094851.473213Z,three_class_ce,three_class_ce,2,21,0.15883323340493394,0.0,0.0,0.0,0.15883323340493394
losses_20260927T094851.473213Z,three_class_ce,three_class_ce,2,22,0.11980902912520518,0.0,0.0,0.0,0.11980902912520518
losses_20260927T094851.473213Z,three_class_ce,three_class_ce,2,23,0.12610198894706298,0.0,0.0,0.0,0.12610198894706298
losses_20260927T094851.473213Z,three_class_ce,three_class_ce,2,24,0.14375112900935758,0.0,0.0,0.0,0.14375112900935758
losses_20260927T094851.473213Z,three_class_ce,three_class_ce,2,25,0.11703206471160171,0.0,0.0,0.0,0.11703206471160171
losses_20260927T094851.473213Z,three_class_ce,three_class_ce,2,26,0.10773997423862379,0.0,0.0,0.0,0.10773997423862379
losses_20260927T094851.473213Z,three_class_ce,three_class_ce,2,27,0.1185810661060721,0.0,0.0,0.0,0.1185810661060721
losses_20260927T094851.473213Z,three_class_ce,three_class_ce,2,28,0.11066105114076082,0.0,0.0,0.0,0.11066105114076082
losses_20260927T094851.473213Z,three_class_ce,three_class_ce,2,29,0.104108632190197,0.0,0.0,0.0,0.104108632190197
losses_20260927T094851.473213Z,three_class_ce,three_class_ce,2,30,0.10881942037610322,0.0,0.0,0.0,0.10881942037610322
losses_20260927T094851.473213Z,three_class_ce,three_class_ce,2,31,0.09548837348349451,0.0,0.0,0.0,0.09548837348349451
losses_20260927T094851.473213Z,three_class_ce,three_class_ce,2,32,0.07570706222089023,0.0,0.0,0.0,0.07570706222089023
losses_20260927T094851.473213Z,three_class_ce,three_class_ce,2,33,0.11095842510813803,0.0,0.0,0.0,0.11095842510813803
losses_20260927T094851.473213Z,three_class_ce,three_class_ce,2,34,0.08809923152549295,0.0,0.0,0.0,0.08809923152549295
losses_20260927T094851.473213Z,three_class_ce,three_class_ce,2,35,0.07814234659427732,0.0,0.0,0.0,0.07814234659427732
losses_20260927T094851.473213Z,three_class_ce,three_class_ce,2,36,0.08496193329649647,0.0,0.0,0.0,0.08496193329649647
losses_20260927T094851.473213Z,three_class_ce,three_class_ce,2,37,0.08671767280737716,0.0,0.0,0.0,0.08671767280737716
losses_20260927T094851.473213Z,three_class_ce,three_class_ce,2,38,0.07908184813174206,0.0,0.0,0.0,0.07908184813174206
losses_20260927T094851.473213Z,three_class_ce,three_class_ce,2,39,0.07139643289031476,0.0,0.0,0.0,0.07139643289031476
losses_20260927T094851.473213Z,three_class_ce,three_class_ce,2,40,0.0900227204551847,0.0,0.0,0.0,0.0900227204551847
losses_20260927T094851.473213Z,three_class_ce,three_class_ce,3,1,0.9256229717885295,0.0,0.0,0.0,0.9256229717885295
losses_20260927T094851.473213Z,three_class_ce,three_class_ce,3,2,0.6283595662924552,0.0,0.0,0.0,0.6283595662924552
losses_20260927T094851.473213Z,three_class_ce,three_class_ce,3,3,0.49281723388741094,0.0,0.0,0.0,0.49281723388741094
losses_20260927T094851.473213Z,three_class_ce,three_class_ce,3,4,0.41124494950617513,0.0,0.0,0.0,0.41124494950617513
losses_20260927T094851.473213Z,three_class_ce,three_class_ce,3,5,0.38603780839231705,0.0,0.0,0.0,0.38603780839231705
losses_20260927T094851.473213Z,three_class_ce,three_class_ce,3,6,0.3451114910985193,0.0,0.0,0.0,0.3451114910985193
losses_20260927T094851.473213Z,three_class_ce,three_class_ce,3,7,0.35045463928291876,0.0,0.0,0.0,0.35045463928291876
losses_20260927T094851.473213Z,three_class_ce,three_class_ce,3,8,0.30814419873058796,0.0,0.0,0.0,0.30814419873058796
losses_20260927T094851.473213Z,three_class_ce,three_class_ce,3,9,0.30492786492311186,0.0,0.0,0.0,0.30492786492311186
losses_20260927T094851.473213Z,three_class_ce,three_class_ce,3,10,0.3237927321705126,0.0,0.0,0.0,0.3237927321705126
losses_20260927T094851.473213Z,three_class_ce,three_class_ce,3,11,0.27139562296290554,0.0,0.0,0.0,0.27139562296290554
losses_20260927T094851.473213Z,three_class_ce,three_class_ce,3,12,0.2597379922386139,0.0,0.0,0.0,0.2597379922386139
losses_20260927T094851.473213Z,three_class_ce,three_class_ce,3,13,0.2527272274657603,0.0,0.0,0.0,0.2527272274657603
losses_20260927T094851.473213Z,three_class_ce,three_class_ce,3,14,0.21807049190805805,0.0,0.0,0.0,0.21807049190805805
losses_20260927T094851.473213Z,three_class_ce,three_class_ce,3,15,0.2320526409894228,0.0,0.0,0.0,0.2320526409894228
losses_20260927T094851.473213Z,three_class_ce,three_class_ce,3,16,0.21582530072379497,0.0,0.0,0.0,0.21582530072379497
losses_20260927T094851.473213Z,three_class_ce,three_class_ce,3,17,0.20201130103199713,0.0,0.0,0.0,0.20201130103199713
losses_20260927T094851.473213Z,three_class_ce,three_class_ce,3,18,0.21749383754908078,0.0,0.0,0.0,0.21749383754908078
losses_20260927T094851.473213Z,three_class_ce,three_class_ce,3,19,0.19609622110522562,0.0,0.0,0.0,0.19609622110522562
losses_20260927T094851.473213Z,three_class_ce,three_class_ce,3,20,0.18071528500126255,0.0,0.0,0.0,0.18071528500126255
losses_20260927T094851.473213Z,three_class_ce,three_class_ce,3,21,0.16741988462426008,0.0,0.0,0.0,0.16741988462426008
losses_20260927T094851.473213Z,three_class_ce,three_class_ce,3,22,0.1813547986169015,0.0,0.0,0.0,0.1813547986169015
losses_20260927T094851.473213Z,three_class_ce,three_class_ce,3,23,0.18844755246273934,0.0,0.0,0.0,0.18844755246273934
losses_20260927T094851.473213Z,three_class_ce,three_class_ce,3,24,0.1705044885917056,0.0,0.0,0.0,0.1705044885917056
losses_20260927T094851.473213Z,three_class_ce,three_class_ce,3,25,0.16859496102458046,0.0,0.0,0.0,0.16859496102458046
losses_20260927T094851.473213Z,three_class_ce,three_class_ce,3,26,0.17336359348208194,0.0,0.0,0.0,0.17336359348208194
losses_20260927T094851.473213Z,three_class_ce,three_class_ce,3,27,0.16361736611373,0.0,0.0,0.0,0.16361736611373
losses_20260927T094851.473213Z,three_class_ce,three_class_ce,3,28,0.15576264254688735,0.0,0.0,0.0,0.15576264254688735
losses_20260927T094851.473213Z,three_class_ce,three_class_ce,3,29,0.15124361808862416,0.0,0.0,0.0,0.15124361808862416
losses_20260927T094851.473213Z,three_class_ce,three_class_ce,3,30,0.13434813981274923,0.0,0.0,0.0,0.13434813981274923
losses_20260927T094851.473213Z,three_class_ce,three_class_ce,3,31,0.13044732702415315,0.0,0.0,0.0,0.13044732702415315
losses_20260927T094851.473213Z,three_class_ce,three_class_ce,3,32,0.11723949799254056,0.0,0.0,0.0,0.11723949799254056
losses_20260927T094851.473213Z,three_class_ce,three_class_ce,3,33,0.13048227759258402,0.0,0.0,0.0,0.13048227759258402
losses_20260927T094851.473213Z,three_class_ce,three_class_ce,3,34,0.1140292908605789,0.0,0.0,0.0,0.1140292908605789
losses_20260927T094851.473213Z,three_class_ce,three_class_ce,3,35,0.11320503460123174,0.0,0.0,0.0,0.11320503460123174
losses_20260927T094851.473213Z,three_class_ce,three_class_ce,3,36,0.11091841506441275,0.0,0.0,0.0,0.11091841506441275
losses_20260927T094851.473213Z,three_class_ce,three_class_ce,3,37,0.10757397968442209,0.0,0.0,0.0,0.10757397968442209
losses_20260927T094851.473213Z,three_class_ce,three_class_ce,3,38,0.1378199111279701,0.0,0.0,0.0,0.1378199111279701
losses_20260927T094851.473213Z,three_class_ce,three_class_ce,3,39,0.09854740961905449,0.0,0.0,0.0,0.09854740961905449
losses_20260927T094851.473213Z,three_class_ce,three_class_ce,3,40,0.10758769078060024,0.0,0.0,0.0,0.10758769078060024
